Batch Job Group ID,Batch Job Group Name,Job Plan ID,Job Plan Name,Parent Path,Target ID
16979937,ADHOC_DWHRC_ABOR_POS,16979929,ADHOC_DWHRC_ABOR_POS,,15101103
16979938,ADHOC_DWHRC_FUND_DCP,16979931,ADHOC_DWHRC_FUND_DCP,/SimCorp Dimension/BreakFix/Jobs/Adhoc/ADHOC_DWHRC_FUND_DCP,15101103
15101469,ADHOC_PERF_DAILY_CLI,15101125,ADHOC_PERF_DAILY_CLI,,15101103
15101466,ADHOC_PERF_DAILY_FUN,15101122,ADHOC_PERF_DAILY_FUN,,15101103
15101471,ADHOC_PERF_DAILY_IDX,15101127,ADHOC_PERF_DAILY_IDX,,15101103
15101473,ADHOC_PERF_DEX_UPD,15101130,ADHOC_PERF_DEX_UPD,,15101103
15101475,ADHOC_PERF_LBF,15101131,ADHOC_PERF_LBF,,15101103
15101477,ADHOC_PERF_ME_CLIENT,15101134,ADHOC_PERF_ME_CLIENT,,15101103
15101479,ADHOC_PERF_ME_FUND,15101135,ADHOC_PERF_ME_FUND,,15101103
29596258,ADHOC_PERF_TFA_MTD,29596109,ADHOC_PERF_TFA_MTD,/SimCorp Dimension/BreakFix/Jobs/Performance/ADHOC_PERF_TFA_MTD,15101103
15101468,AdHocJob,15101124,AdHocJob,,15101103
15105196,AR_ADHOC,15104891,AR_ADHOC,,15101103
15105185,AR_MTHLY,15104889,AR_MTHLY,,15101103
15105213,AR_SYS_CHG,15104900,AR_SYS_CHG,,15101103
15101199,AS_24D_CA_CR_SDTR,15100956,AS_24D_CA_CR_SDTR,,15101103
20187949,AUDIT_ACTIVE_USERS,20187947,AUDIT_ACTIVE_USERS,/SimCorp Dimension/BreakFix/Jobs/AUDIT_ACTIVE_USERS,15101103
15105099,AUDIT_REPORTS,15104820,AUDIT_REPORTS,,15101103
16007968,DIV_TXN_TD,16007965,DIV_TXN_TD,,15101103
15101441,DM_ALT_INV_MV,15101111,DM_ALT_INV_MV,,15101103
32184711,DM_COPY_DWHREC,32184700,DM_COPY_DWHREC,/SimCorp Dimension/BreakFix/Jobs/DM_COPY_DWHREC,15101103
26596681,DM_COPY_NT_CASH_PMT,26596678,DM_COPY_NT_CASH_PMT,,15101103
27288487,DM_COPY_NT_POS_FILE,27288472,DM_COPY_NT_POS_FILE,/SimCorp Dimension/BreakFix/Jobs/DM_COPY_NT_POS_FILE,15101103
31910651,DM_EXT_ABOR_DH_CHK,31910614,DM_EXT_ABOR_DH_CHK,/SimCorp Dimension/BreakFix/Jobs/Extracts_And_Reporting/DM_EXT_ABOR_DH_CHK,15101103
30555080,DM_EXT_ABOR_DH_PR,30555078,DM_EXT_ABOR_DH_PR,/SimCorp Dimension/BreakFix/Jobs/Extracts_And_Reporting/DM_EXT_ABOR_DH_PR,15101103
16318717,DM_EXT_DIV_TRXNS,16318714,DM_EXT_DIV_TRXNS,,15101103
30023177,DM_EXT_HLD_STD_CTRT,30023171,DM_EXT_HLD_STD_CTRT,,15101103
18531910,DM_EXT_PMRS_REP,18531907,DM_EXT_PMRS_REP,,15101103
28312513,DM_EXT_POS_EDM,28312511,DM_EXT_POS_EDM,,15101103
22454858,DM_EXT_POS_FI,22454842,DM_EXT_POS_FI,/SimCorp Dimension/BreakFix/Jobs/Extracts_And_Reporting/DM_EXT_POS_FI,15101103
28730701,DM_EXT_PROJ_DIV,28730699,DM_EXT_PROJ_DIV,/SimCorp Dimension/BreakFix/Jobs/Extracts_And_Reporting/DM_EXT_PROJ_DIV,15101103
24391935,DM_EXT_REF_RATES_CO,24391928,DM_EXT_REF_RATES_CO,,15101103
24391936,DM_EXT_REF_RATES_SO,24391929,DM_EXT_REF_RATES_SO,,15101103
25439476,DM_EXT_TRN_CASH_OPS,25439452,DM_EXT_TRN_CASH_OPS,/SimCorp Dimension/BreakFix/Jobs/Extracts_And_Reporting/DM_EXT_TRN_CASH_OPS,15101103
32366146,DM_EXT_TRN_IO_LF,32366143,DM_EXT_TRN_IO_LF,,15101103
25361083,DM_EXT_WHT_DEDUC,25361078,DM_EXT_WHT_DEDUC,,15101103
15950735,DM_FORMULA_VALUE,15950733,DM_REF_FORMULA_VALUE,/SimCorp Dimension/BreakFix/Jobs/DM_FORMULA_VALUE,15101103
28026828,DM_FX_RATE_COPY,28026826,DM_FX_RATE_COPY,,15101103
17428641,DM_FX_RATE_UPDT,17428636,DM_FX_RATE_UPDT,,15101103
30023180,DM_HLD_EST_YLD_CURV,30023174,DM_HLD_EST_YLD_CURV,,15101103
28162571,DM_MDV_AUDIT_EXPORT,28162554,DM_MDV_AUDIT_EXPORT,/SimCorp Dimension/BreakFix/Jobs/Extracts_And_Reporting/DM_MDV_AUDIT_EXPORT,15101103
15101197,DM_REF_BANK_HOLIDAYS_REF,15100954,DM_REF_BANK_HOLIDAYS,,15101103
15101178,DM_REF_BONDS,15100934,DM_REF_BONDS,,15101103
15101195,DM_REF_EXTRACTS,15100952,DM_REF_EXTRACTS,,15101103
31262040,DM_REF_FCDIV,31262037,DM_REF_FCDIV,/SimCorp Dimension/BreakFix/Jobs/DM_REF_FCDIV,15101103
17210541,DM_REF_FUNDDEFN_DATA,17210535,DM_REF_FUNDDEFN_DATA,,15101103
15101179,DM_REF_MKTDATA,15100935,DM_REF_MKTDATA,,15101103
17210538,DM_REF_MP,17210532,DM_REF_MP,,15101103
15101175,DM_REF_PARTIES_JOB,15100931,DM_REF_PARTIES,,15101103
17926674,DM_REF_PORTF_BNKACC,17926631,DM_REF_PORTF_BNKACC,,15101103
17191215,DM_REF_PORTF_DATA,17191212,DM_REF_PORTF_DATA,,15101103
17611134,DM_REF_PORTF_UPDT,17611131,DM_REF_PORTF_UPDT,,15101103
15101180,DM_REF_SEC_ALL,15100936,DM_REF_SEC_ALL,,15101103
15101176,DM_REF_SMF_JOB,15100932,DM_REF_SMF,,15101103
28863681,DWH_LINEAGE,28863677,DWH_LINEAGE,,15101103
15101237,DWH_PFC_ERRORS,15100995,DWH_PFC_ERRORS,,15101103
15101241,DWHREC_ABOR_POS,15100999,DWHREC_ABOR_POS,/SimCorp Dimension/Break_Fix/Jobs/DWHREC_ABOR_POS,15101103
15101242,DWHREC_FUND_DCMP,15101000,DWHREC_FUND_DCMP,,15101103
15101243,DWHREC_GLHOLDNG,15101001,DWHREC_GLHOLDNG,,15101103
15101244,DWHREC_IBOR_POS,15101002,DWHREC_IBOR_POS,,15101103
15101245,DWHREC_IBOR_SETT,15101003,DWHREC_IBOR_SETT,,15101103
15105080,EMAIL_SUBMIT,15104800,EMAIL_SUBMIT,,15101103
15826132,FIN_REPO_RECON_DEXS,15826123,FIN_REPO_RECON_DEXS,,15101103
15101238,FLS_DEXS,15100996,FLS_DEXS,,15101103
16529656,FLS_POS_HOLDINGS,16529647,FLS_POS_HOLDINGS,,15101103
16529660,FRR_MAT_ALERT,16529650,FRR_MAT_ALERT,,15101103
20275482,FUTURES_TRANS_RISK,20275478,FUTURES_TRANS_RISK,/SimCorp Dimension/BreakFix/Jobs/Extracts_And_Reporting/FUTURES_TRANS_RISK,15101103
15105219,FX_FWD_RPT,15104905,FX_FWD_RPT,/SimCorp Dimension/Break_Fix/Jobs/Extracts_And_Reporting/FX_HEDGE_RPT,15101103
15105162,FX_HEDGE_EXTRACT,15104877,FX_HEDGE_EXTRACT,,15101103
15755397,FX_REAL_G_L,15755369,FX_REAL_G_L,,15101103
15101209,GL_CONTR_SURP_REBOOK,15100967,GL_CONTR_SURP_REBOOK,,15101103
17044049,HIST_RETURN,17044047,HIST_RETURN,,15101103
15101246,Copy_To_Direct_and_Archive,15101012,DM_REF_PARTIES,,15101004
15101247,Delete_From_Direct_After_Processing,15101012,DM_REF_PARTIES,,15101005
15101248,DM_REF_PARTIES,15101012,DM_REF_PARTIES,,15100931
15101249,Copy_To_Direct_and_Archive,15101013,DM_REF_SMF,,15101004
15101251,DM_REF_SMF,15101013,DM_REF_SMF,,15100932
15101252,Copy_To_Direct_and_Archive,15101014,TRN_EXT_CL_TRD,,15101004
15101253,Delete_From_Direct_After_Processing,15101014,TRN_EXT_CL_TRD,,15101005
15101254,TRN_EXT_CL_TRD,15101014,TRN_EXT_CL_TRD,,15100933
15101255,DM_REF_BONDS,15101015,DM_REF_BONDS,,15100934
15101256,Copy_To_Direct_and_Archive,15101016,DM_REF_MKTDATA,,15101004
15101257,DM_REF_MKTDATA,15101016,DM_REF_MKTDATA,,15100935
15101258,Delete_From_Direct_After_Processing,15101016,DM_REF_MKTDATA,,15101005
15101259,Copy_To_Direct_and_Archive,15101015,DM_REF_BONDS,,15101004
15101260,Delete_From_Direct_After_Processing,15101015,DM_REF_BONDS,,15101005
15101261,DM_REF_SEC_ALL,15101017,DM_REF_SEC_ALL,,15100936
15101262,Copy_To_SFTP_and_Archive,15101017,DM_REF_SEC_ALL,,15101006
15101264,TRN_CASH,15101018,TRN_CASH,,15100937
15101265,Copy_To_Direct_and_Archive,15101018,TRN_CASH,,15101004
15101266,Delete_From_Direct_After_Processing,15101018,TRN_CASH,,15101005
15101267,RE_DWH_LOAD,15101019,RE_DWH_LOAD,,15100938
15101268,SA_EOD_ADMIN,15101020,SA_EOD_ADMIN,,15100948
15101269,RECON_INT_BNK_CB,15101021,RECON_INT_BNK_CB,,15100939
15101270,RECON_INT_UNIT_1,15101022,RECON_INT_UNIT_1,,15100940
15101271,RECON_INT_UNIT_2,15101023,RECON_INT_UNIT_2,,15100941
15101272,RECON_NT_CSH_BAL,15101024,RECON_NT_CSH_BAL,,15100942
15101273,RECON_NT_CSH_PMT,15101025,RECON_NT_CSH_PMT,,15100943
15101274,RECON_NT_POS_IAB,15101026,RECON_NT_POS_IAB,,15100944
15101275,RECON_NT_POS_IO,15101027,RECON_NT_POS_IO,,15100946
15101276,RECON_NT_TRX,15101028,RECON_NT_TRX,,15100947
15101277,RECON_NT_WTAX,15101029,RECON_NT_WTAX,,15100945
15101278,Copy_To_SFTP_and_Archive_CASH,15101030,SA_CASH_MGMT_FILE_MOVE,,15101006
15101279,TM_DEPO_REPO,15101031,TM_DEPO_REPO,,15100951
15101280,Copy_To_Direct_and_Archive,15101031,TM_DEPO_REPO,,15101004
15101281,Delete_From_Direct_After_Processing,15101031,TM_DEPO_REPO,,15101005
15101282,DM_REF_EXTRACTS,15101032,DM_REF_EXTRACTS,,15100952
15101286,Copy_To_SFTP_and_Archive_BANKACCT,15101032,DM_REF_EXTRACTS,,15101006
15101289,TRN_FUT,15101033,TRN_FUT,,15100953
15101290,Copy_To_Direct_and_Archive,15101033,TRN_FUT,,15101004
15101291,Delete_From_Direct_After_Processing,15101033,TRN_FUT,,15101005
15101292,Copy_To_Direct_and_Archive,15101034,DM_REF_BANK_HOLIDAYS,,15101004
15101293,Delete_From_Direct_After_Processing,15101034,DM_REF_BANK_HOLIDAYS,,15101005
15101294,DM_REF_BANK_HOLIDAYS,15101034,DM_REF_BANK_HOLIDAYS,,15100954
15101295,SA_EOD_PMT,15101035,SA_EOD_PMT,,15100955
15101296,AS_24D_CA_CR_SDTR,15101036,AS_24D_CA_CR_SDTR,,15100956
15101297,PERF_CASH_BUCKETS,15101038,PERF_CASH_BUCKETS,,15100958
15101298,PERF_DAILY_FUND,15101039,PERF_DAILY_FUND,,15100959
15101299,PERF_DAILY_CLIENT,15101040,PERF_DAILY_CLIENT,,15100960
15101300,PERF_DAILY_INDEX,15101041,PERF_DAILY_INDEX,,15100961
15101301,PERF_ME_FUND,15101042,PERF_ME_FUND,,15100962
15101302,PERF_ME_CLIENT,15101043,PERF_ME_CLIENT,,15100963
15101303,PERF_WEEKLY_FUND,15101044,PERF_WEEKLY_FUND,,15100964
15101304,Copy_To_SFTP_and_Archive_CASH,15101045,RE_CASH_MGMT,,15101006
15101305,RE_CASH_MGMT,15101045,RE_CASH_MGMT,,15100965
15101306,Copy_To_Direct_and_Archive,15101046,PERF_INDEX_UNIDATA,,15101004
15101307,PERF_INDEX_UNIDATA,15101046,PERF_INDEX_UNIDATA,,15100966
15101308,Delete_From_Direct_After_Processing,15101046,PERF_INDEX_UNIDATA,,15101005
15101309,GL_CONTR_SURP_REBOOK,15101047,GL_CONTR_SURP_REBOOK,,15100967
15101310,TRN_REPO,15101048,TRN_REPO,,15100968
15101311,Copy_To_Direct_and_Archive,15101048,TRN_REPO,,15101004
15101312,Delete_From_Direct_After_Processing,15101048,TRN_REPO,,15101005
15101313,TRN_SBB_O,15101049,TRN_SBB_O,,15100969
15101314,Copy_To_Direct_and_Archive,15101049,TRN_SBB_O,,15101004
15101315,Delete_From_Direct_After_Processing,15101049,TRN_SBB_O,,15101005
15101316,TRN_FX_OPT,15101050,TRN_FX_OPT,,15100970
15101317,Copy_To_Direct_and_Archive,15101050,TRN_FX_OPT,,15101004
15101318,Delete_From_Direct_After_Processing,15101050,TRN_FX_OPT,,15101005
15101319,TRN_IRS_BASIS,15101051,TRN_IRS_BASIS,,15100971
15101320,Copy_To_Direct_and_Archive,15101051,TRN_IRS_BASIS,,15101004
15101321,Delete_From_Direct_After_Processing,15101051,TRN_IRS_BASIS,,15101005
15101322,TRN_IRS_FI_FL,15101052,TRN_IRS_FI_FL,,15100972
15101323,Copy_To_Direct_and_Archive,15101052,TRN_IRS_FI_FL,,15101004
15101324,Delete_From_Direct_After_Processing,15101052,TRN_IRS_FI_FL,,15101005
15101325,TRN_OTC_OPT,15101053,TRN_OTC_OPT,,15100973
15101326,Copy_To_Direct_and_Archive,15101053,TRN_OTC_OPT,,15101004
15101327,Delete_From_Direct_After_Processing,15101053,TRN_OTC_OPT,,15101005
15101328,TRN_TRS,15101054,TRN_TRS,,15100974
15101329,Copy_To_Direct_and_Archive,15101054,TRN_TRS,,15101004
15101330,Delete_From_Direct_After_Processing,15101054,TRN_TRS,,15101005
15101331,TRN_IRS_OIS_FI,15101055,TRN_IRS_OIS_FI,,15100975
15101332,Copy_To_Direct_and_Archive,15101055,TRN_IRS_OIS_FI,,15101004
15101333,Delete_From_Direct_After_Processing,15101055,TRN_IRS_OIS_FI,,15101005
15101334,TRN_IRS_OIS_FL,15101056,TRN_IRS_OIS_FL,,15100976
15101335,Copy_To_Direct_and_Archive,15101056,TRN_IRS_OIS_FL,,15101004
15101336,Delete_From_Direct_After_Processing,15101056,TRN_IRS_OIS_FL,,15101005
15101337,RECON_INT_DERIV,15101057,RECON_INT_DERIV,,15100977
15101338,Copy_To_Direct_and_Archive,15101058,RECON_INT_DERIV_FILE_MOVE,,15101004
15101339,Delete_From_Direct_After_Processing,15101057,RECON_INT_DERIV,,15101005
15101340,TRN_LN_FAC_FEE,15101059,TRN_LN_FAC_FEE,,15100978
15101341,Copy_To_Direct_and_Archive,15101059,TRN_LN_FAC_FEE,,15101004
15101342,Delete_From_Direct_After_Processing,15101059,TRN_LN_FAC_FEE,,15101005
15101343,TRN_LN_FAC_TRD,15101060,TRN_LN_FAC_TRD,,15100979
15101344,Copy_To_Direct_and_Archive,15101060,TRN_LN_FAC_TRD,,15101004
15101345,Delete_From_Direct_After_Processing,15101060,TRN_LN_FAC_TRD,,15101005
15101346,TRN_LN_FAC_TRD_CANC,15101061,TRN_LN_FAC_TRD_CANC,,15100980
15101347,Copy_To_Direct_and_Archive,15101061,TRN_LN_FAC_TRD_CANC,,15101004
15101348,Delete_From_Direct_After_Processing,15101061,TRN_LN_FAC_TRD_CANC,,15101005
15101349,TRN_LN_FAC_SET,15101062,TRN_LN_FAC_SET,,15100981
15101350,Copy_To_Direct_and_Archive,15101062,TRN_LN_FAC_SET,,15101004
15101351,Delete_From_Direct_After_Processing,15101062,TRN_LN_FAC_SET,,15101005
15101352,SA_CASH_MGMT,15101063,SA_CASH_MGMT,,15100982
15101353,Copy_To_SFTP_and_Archive_CFMS,15101063,SA_CASH_MGMT,,15101006
15101355,TRN_CCS_BASIS,15101064,TRN_CCS_BASIS,,15100983
15101356,Copy_To_Direct_and_Archive,15101064,TRN_CCS_BASIS,,15101004
15101357,Delete_From_Direct_After_Processing,15101064,TRN_CCS_BASIS,,15101005
15101358,TRN_CSS_FI_FI,15101065,TRN_IRS_FI_FI,,15100985
15101359,Copy_To_Direct_and_Archive,15101065,TRN_IRS_FI_FI,,15101004
15101360,Delete_From_Direct_After_Processing,15101065,TRN_IRS_FI_FI,,15101005
15101361,TRN_CCS_FI_FL,15101066,TRN_CCS_FI_FL,,15100984
15101362,Copy_To_Direct_and_Archive,15101066,TRN_CCS_FI_FL,,15101004
15101363,Delete_From_Direct_After_Processing,15101066,TRN_CCS_FI_FL,,15101005
15101364,TRN_CCS_FI_FI,15101067,TRN_CCS_FI_FI,,15100985
15101365,Copy_To_Direct_and_Archive,15101067,TRN_CCS_FI_FI,,15101004
15101366,Delete_From_Direct_After_Processing,15101067,TRN_CCS_FI_FI,,15101005
15101367,TRN_SWAPTION,15101068,TRN_SWAPTION,,15100986
15101368,Copy_To_Direct_and_Archive,15101068,TRN_SWAPTION,,15101004
15101369,Delete_From_Direct_After_Processing,15101068,TRN_SWAPTION,,15101005
15101370,TRN_CDSOPT,15101069,TRN_CDSOPT,,15100987
15101371,Copy_To_Direct_and_Archive,15101069,TRN_CDSOPT,,15101004
15101372,Delete_From_Direct_After_Processing,15101069,TRN_CDSOPT,,15101005
15101373,TRN_VAR_SWAP,15101070,TRN_VAR_SWAP,,15100988
15101374,Copy_To_Direct_and_Archive,15101070,TRN_VAR_SWAP,,15101004
15101375,Delete_From_Direct_After_Processing,15101070,TRN_VAR_SWAP,,15101005
15101376,TRN_VOL_SWAP,15101071,TRN_VOL_SWAP,,15100989
15101377,Copy_To_Direct_and_Archive,15101071,TRN_VOL_SWAP,,15101004
15101378,Delete_From_Direct_After_Processing,15101071,TRN_VOL_SWAP,,15101005
15101379,TRN_DIV_CAP_EVENT,15101072,TRN_DIV_CAP_EVENT,,15100990
15101380,Copy_To_Direct_and_Archive,15101072,TRN_DIV_CAP_EVENT,,15101004
15101381,Delete_From_Direct_After_Processing,15101072,TRN_DIV_CAP_EVENT,,15101005
15101382,MAN_EXT_CL_TRD,15101073,MAN_EXT_CL_TRD,,15100991
15101383,Copy_To_Direct_and_Archive,15101073,MAN_EXT_CL_TRD,,15101004
15101384,Delete_From_Direct_After_Processing,15101073,MAN_EXT_CL_TRD,,15101005
15101385,RE_PERF_DWH_LOAD,15101074,RE_PERF_DWH_LOAD,,15100992
15101386,REF_SMF,15101075,REF_SMF,,15100994
15101387,Copy_To_SFTP_And_Archive,15101075,REF_SMF,,15101006
15101388,DWH_PFC_ERRORS,15101076,DWH_PFC_ERRORS,,15100995
15101389,Copy_To_Archive,15101026,RECON_NT_POS_IAB,,15101010
15101390,Delete_File_After_Processing,15101026,RECON_NT_POS_IAB,,15101005
15101391,Copy_To_Archive,15101025,RECON_NT_CSH_PMT,,15101010
15101392,Delete_File_After_Processing,15101025,RECON_NT_CSH_PMT,,15101005
15101393,Copy_To_SFTP_and_Archive_Inst_Types,15101032,DM_REF_EXTRACTS,,15101006
15101394,PERF_MCDS,15101077,PERF_MCDS,,15100997
15101395,Copy_To_SFTP_and_Archive_MIG,15101078,MIG_POST_VAL,,15101006
15101396,Delete_From_Direct_After_Processing_MIG,15101078,MIG_POST_VAL,,15101005
15101397,MIG_POST_VAL,15101078,MIG_POST_VAL,,15100998
15101398,DWHREC_FUND_DCMP,15101079,DWHREC_FUND_DCMP,,15101000
15101399,Copy_To_Direct_and_Archive,15101079,DWHREC_FUND_DCMP,,15101004
15101400,Delete_From_Direct_After_Processing_DWH_FILE,15101079,DWHREC_FUND_DCMP,,15101005
15101401,DWHREC_GLHOLDNG,15101080,DWHREC_GLHOLDNG,,15101001
15101402,Copy_To_Direct_and_Archive,15101080,DWHREC_GLHOLDNG,,15101004
15101403,Delete_From_Direct_After_Processing_DWH_FILE,15101080,DWHREC_GLHOLDNG,,15101005
15101404,DWHREC_IBOR_POS,15101081,DWHREC_IBOR_POS,,15101002
15101405,Copy_To_Direct_and_Archive,15101081,DWHREC_IBOR_POS,,15101004
15101406,Delete_From_Direct_After_Processing,15101081,DWHREC_IBOR_POS,,15101005
15101407,DWHREC_IBOR_SETT,15101082,DWHREC_IBOR_SETT,,15101003
15101408,Copy_To_Direct_and_Archive,15101082,DWHREC_IBOR_SETT,,15101004
15101409,Delete_From_Direct_After_Processing,15101082,DWHREC_IBOR_SETT,,15101005
15101410,DWHREC_ABOR_POS,15101083,DWHREC_ABOR_POS,,15100999
15101411,Copy_To_Direct_and_Archive,15101083,DWHREC_ABOR_POS,,15101004
15101412,Delete_From_Direct_After_Processing,15101084,DWHREC_SCD_FILE_MOVE_OLD,,15101005
15101413,Direct_Archive,15101084,DWHREC_SCD_FILE_MOVE_OLD,,15101011
15101414,Copy_To_Direct_and_Archive,15101085,DWHREC_FILE_MOVE,,15101004
15101415,Direct_Archive_SCD_FILE,15101083,DWHREC_ABOR_POS,,15101011
15101416,Delete_From_Direct_After_Processing_DWH_FILE,15101083,DWHREC_ABOR_POS,,15101005
15101417,Delete_From_Direct_After_Processing_SCD_FILE,15101083,DWHREC_ABOR_POS,,15101005
15101418,Direct_Archive_SCD_FILE,15101079,DWHREC_FUND_DCMP,,15101011
15101419,Delete_From_Direct_After_Processing_SCD_FILE,15101079,DWHREC_FUND_DCMP,,15101005
26186013,IO_AI_UNFUND_COMMIT,26186011,IO_AI_UNFUND_COMMIT,/SimCorp Dimension/BreakFix/Jobs/Extracts_And_Reporting/IO_AI_UNFUND_COMMIT,15101103
15101421,PERF_EXTRACT_UPD,15101088,PERF_EXTRACT_UPD,,15101087
15101422,Check_BatchJob_Log,15100935,DM_REF_MKTDATA,/SimCorp Dimension/Break_Fix/Jobs/DM_REF_MKTDATA,15104861
15101423,TRN_PMT_REC_AUXSTAT,15101091,TRN_PMT_REC_AUXSTAT_20200320,,15100993
15101424,TRN_PMT_REC_AUXSTAT,15101092,TRN_PMT_REC_AUXSTAT,,
15101425,Capture_Job_Status,15101019,RE_DWH_LOAD,,15000381
15660866,IO_FUT_TXN,15660857,IO_FUT_TXN,,15101103
15104962,SA_EOD_ADMIN,15104731,SCD_EOD_PROCESSING,,15101020
15104963,AS_24D_CA_CR_SDTR,15104731,SCD_EOD_PROCESSING,,15101036
15104964,SA_EOD_PMT,15104731,SCD_EOD_PROCESSING,,15101035
15104965,GL_CONTR_SURP_REBOOK,15104731,SCD_EOD_PROCESSING,,15101047
15104966,RECON_NT_POS_IO,15104732,SCD_RECON,,15101027
15104967,RECON_NT_POS_IAB,15104732,SCD_RECON,,15101026
15104968,RECON_INT_UNIT_2,15104732,SCD_RECON,,15101023
15104969,RECON_INT_DERIV,15104732,SCD_RECON,,15101057
15104970,RECON_INT_BNK_CB,15104732,SCD_RECON,,15101021
15104971,PERF_DAILY_FUND,15104733,SCD_PERF_DAILY,,15101039
15104972,PERF_DAILY_CLIENT,15104733,SCD_PERF_DAILY,,15101040
15104973,PERF_DAILY_INDEX,15104733,SCD_PERF_DAILY,,15101041
15104976,RE_DWH_LOAD,15104735,SCD_DWH_LOAD,,15101019
15104977,DWH_PFC_ERRORS,15104735,SCD_DWH_LOAD,,15101076
15104979,EDM_To_SCD_Market_Prices_Wait,15104743,Wait_EDM_To_SCD_Market_Prices,,12453522
15104980,EDM_To_SCD_Performance_Prices_Wait,15104744,WAIT_EDM_TO_SCD_PERFORMANCE_PRICES,,12453543
15104982,Wait_EDM_To_SCD_Market_Prices,15104731,SCD_EOD_PROCESSING,,15104743
15104983,WAIT_EDM_TO_SCD_PERFORMANCE_PRICES,15104733,SCD_PERF_DAILY,,15104744
15104984,WAIT_SCD_EOD_PROCESSING,15104735,SCD_DWH_LOAD,,15104737
15104985,SCD_To_EDM_SCD_DW_Message,15104742,Message_SCD_To_EDM_SCD_DW,,12466918
15104986,WAIT_SCD_DWH_LOAD,15104732,SCD_RECON,,15104738
15104988,Message_SCD_To_EDM_SCD_DW,15104735,SCD_DWH_LOAD,,15104742
15104989,WAIT_SCD_DWH_LOAD,15104733,SCD_PERF_DAILY,,15104738
15104990,WAIT_SUPERD_PRICES,15104731,SCD_EOD_PROCESSING,,15104745
15104991,WAIT_MARKET_FX_RATES,15104731,SCD_EOD_PROCESSING,,15104746
15104992,WAIT_MARKET_REF_RATES,15104731,SCD_EOD_PROCESSING,,15104747
15104993,WAIT_SCD_PERF_INDEX_UNIDATA,15104733,SCD_PERF_DAILY,,15104749
15104994,WAIT_CASH_PMT_RECON_FILE,15104732,SCD_RECON,,15104751
15104995,WAIT_POS_RECON_FILE,15104732,SCD_RECON,,15104750
15104996,WAIT_UNIT_2_RECON_FILE,15104732,SCD_RECON,,15104752
15104997,WAIT_SUPERD_RECON,15104732,SCD_RECON,,15104753
15104998,SCD_To_Mulesoft_SCD_DW_Message,15104754,Message_SCD_To_Mulesoft_SCD_DW,,12946647
15104999,MIG_POST_VAL,15104755,MIG_POST_VAL,,15101078
15105000,WAIT_SCD_DWH_LOAD,15104755,MIG_POST_VAL,,15104738
15105001,Message_SCD_To_Mulesoft_SCD_DW,15104735,SCD_DWH_LOAD,,15104754
15105002,SA_CASH_MGMT,15104756,SA_CASH_MGMT,,15101063
15105004,SA_SOD_ADMIN,15104736,SCD_SOD,,15104763
15105005,WAIT_DWH_ABOR_RECON_FILE,15104757,SCD_DWH_RECON,,15104758
15105006,WAIT_DWH_FUND_DECOMP_RECON_FILE,15104757,SCD_DWH_RECON,,15104759
15105007,WAIT_DWH_GL_HOLDINGS_RECON_FILE,15104757,SCD_DWH_RECON,/SimCorp Dimension/Break_Fix/Constraint_Triggered_Plans/SCD_DWH_RECON,15104760
15105008,WAIT_DWH_IBOR_RECON_FILE,15104757,SCD_DWH_RECON,,15104761
15105009,WAIT_DWH_SETTLE_RECON_FILE,15104757,SCD_DWH_RECON,,15104762
15105010,DWHREC_ABOR_POS,15104757,SCD_DWH_RECON,/SimCorp Dimension/Break_Fix/Constraint_Triggered_Plans/SCD_DWH_RECON,15101083
15105011,DWHREC_FUND_DCMP,15104757,SCD_DWH_RECON,/SimCorp Dimension/Break_Fix/Constraint_Triggered_Plans/SCD_DWH_RECON,15101079
15105012,DWHREC_GLHOLDNG,15104757,SCD_DWH_RECON,,15101080
15105013,DWHREC_IBOR_POS,15104757,SCD_DWH_RECON,,15101081
15105014,DWHREC_IBOR_SETT,15104757,SCD_DWH_RECON,/SimCorp Dimension/Break_Fix/Constraint_Triggered_Plans/SCD_DWH_RECON,15101082
15105015,WAIT_SCD_DWH_LOAD,15104757,SCD_DWH_RECON,,15104738
15105016,SA_SOD_ADMIN,15104763,SA_SOD_ADMIN,,15100949
15105017,SA_PAYR_RAISE_GL,15104764,SA_PAYR_RAISE_STAT,,15104729
15105018,FLS_DEXS,15104766,FLS_DEXS,/SimCorp Dimension/Break_Fix/Plans/FLS_DEXS,15100996
15105019,Copy_To_SFTP_And_Archive_IntAdj_Scheds,15104766,FLS_DEXS,,15101006
15105020,Copy_To_SFTP_and_Archive_FI_SMF,15104766,FLS_DEXS,,15101006
15105021,Copy_To_SFTP_and_Archive_Repo_Trxns,15104766,FLS_DEXS,,15101006
15105022,Copy_To_SFTP_and_Archive_FI_Trxns,15104766,FLS_DEXS,,15101006
15105023,Copy_To_SFTP_and_Archive_VarSpread_Scheds,15104766,FLS_DEXS,/SimCorp Dimension/Break_Fix/Plans/FLS_DEXS,15101006
15105024,Copy_To_SFTP_and_Archive_SMF_CashFlow_Scheds,15104766,FLS_DEXS,,15101006
15105025,Copy_To_SFTP_and_Archive_POS_Holdings,15104766,FLS_DEXS,,15101006
15105026,Copy_To_SFTP_and_Archive_Yield_Curve_Points,15104766,FLS_DEXS,,15101006
15105027,Copy_To_SFTP_and_Archive_FX_SMF,15104766,FLS_DEXS,,15101006
15105028,Copy_To_SFTP_and_Archive_Repo_SMF,15104766,FLS_DEXS,,15101006
15105029,Copy_To_SFTP_and_Archive_Swap_SMF,15104766,FLS_DEXS,,15101006
15105030,Copy_To_SFTP_and_Archive_VarRate_Scheds,15104766,FLS_DEXS,,15101006
15105032,TRN_PMT_REC_AUXSTAT,15104768,PAYMENT_RECONCILLIATION,/SimCorp Dimension/Break_Fix/Scheduled_Plans/TRN_PMT_REC_AUXSTAT,15101092
15105033,EXTRACT_BANK_ACCOUNTS,15104769,SCD_EXTRACTS_6pm,,15101032
15105034,EXTRACT_SEC,15104769,SCD_EXTRACTS_6pm,,15101075
15105035,SOI,15104769,SCD_EXTRACTS_6pm,,15101017
15105036,AS_24D_CA_CR_SDTR,15104770,AS_24D_CA_CR_SDTR,,15101036
15105051,Extract_Application_Folder_From_Trigger_Path,15104772,DM_REF_BONDS_TRIGGERED,,15101104
15105052,DM_REF_BONDS,15104772,DM_REF_BONDS_TRIGGERED,,15101015
15105053,DM_REF_MKTDATA,15104773,DM_REF_MKTDATA_TRIGGERED,,15101016
15105054,DM_REF_PARTIES,15104774,DM_REF_PARTIES_TRIGGERED,,15101012
15105055,DM_REF_SMF,15104775,DM_REF_SMF_TRIGGERED,,15101013
15105056,Extract_Application_Folder_From_Trigger_Path,15104774,DM_REF_PARTIES_TRIGGERED,,15101104
15105057,TRN_EXT_CL_TRD,15104776,TRN_EXT_CL_TRD_TRIGGERED,,15101014
15105058,TRN_CASH,15104777,TRN_CASH_TRIGGERED_old,,15101018
15105059,Sync_Remote_To_Local,15104778,BCI_SYNC_SCD_TO_BCI,,15101007
15105060,SA_CASH_MGMT_FILE_MOVE,15104779,SA_CASH_MGMT_FILE_MOVE_TRIGGERED,,15101030
15105061,TM_DEPO_REPO,15104780,TM_DEPO_REPO_TRIGGERED,,15101031
15105062,TRN_FUT,15104781,TRN_FUT_TRIGGERED,,15101033
15105063,Extract_Application_Folder_From_Trigger_Path,15104781,TRN_FUT_TRIGGERED,,15101104
15105064,DM_REF_BANK_HOLIDAYS,15104782,DM_REF_BANK_HOLIDAYS_TRIGGERED,,15101034
15105065,PERF_INDEX_UNIDATA,15104784,PERF_INDEX_UNIDATA_TRIGGERED,,15101046
15105066,TRN_REPO,15104785,TRN_REPO_TRIGGERED,,15101048
15105067,TRN_SBB_O,15104786,TRN_SBB_O_TRIGGERED,,15101049
15105068,TRN_FX_OPT,15104787,TRN_FX_OPT_TRIGGERED,,15101050
15105069,TRN_IRS_BASIS,15104788,TRN_IRS_BASIS_TRIGGERED,,15101051
15105070,TRN_IRS_FI_FL,15104789,TRN_IRS_FI_FL_TRIGGERED,,15101052
15105071,TRN_OTC_OPT,15104790,TRN_OTC_OPT_TRIGGERED,,15101053
15105072,Extract_Application_Folder_From_Trigger_Path,15104790,TRN_OTC_OPT_TRIGGERED,,15101104
15105073,TRN_IRS_OIS_FI,15104791,TRN_IRS_OIS_FI_TRIGGERED,,15101055
15105074,TRN_IRS_OIS_FL,15104792,TRN_IRS_OIS_FL_TRIGGERED,,15101056
15105075,TRN_TRS,15104793,TRN_TRS_TRIGGERED,,15101054
15105076,Extract_Application_Folder_From_Trigger_Path,15104773,DM_REF_MKTDATA_TRIGGERED,,15101104
15105077,RECON_INT_DERIV_FILE_MOVE,15104794,RECON_INT_DERIV_FILE_MOVE_TRIGGERED,,15101058
15105078,DWHREC_FILE_MOVE,15104795,DWHREC_FILE_MOVE_TRIGGERED,,15101085
15105079,RE_CASH_MGMT,15104767,RE_CASH_MGMT,,15101045
15589390,IO_SETTLE_POSITIONS,15589384,IO_SETTLE_POSITIONS,,15101103
15105081,PERF_ME_CLIENT,15104805,SCD_PERF_ME,,15101043
15105082,PERF_ME_FUND,15104805,SCD_PERF_ME,,15101042
15105083,WAIT_SCD_DWH_LOAD,15104805,SCD_PERF_ME,,15104738
15105084,WAIT_SCD_PERF_DAILY,15104805,SCD_PERF_ME,,15104739
15105085,WAIT_SCD_PERF_DAILY,15104807,SCD_PERF_DWH_LOAD,,15104739
15105086,WAIT_SCD_PERF_ME,15104807,SCD_PERF_DWH_LOAD,,15104806
15105087,RE_PERF_DWH_LOAD,15104807,SCD_PERF_DWH_LOAD,,15101074
15105088,WAIT_SCD_DWH_LOAD,15104807,SCD_PERF_DWH_LOAD,,15104738
15105089,SET_DATE,15104811,SOD_SET_DATE,,15104862
15105090,WAIT_SCD_DWH_LOAD,15104811,SOD_SET_DATE,,15104738
15105091,WAIT_SOD_SET_DATE,15104736,SCD_SOD,/SimCorp Dimension/Break_Fix/Constraint_Triggered_Plans/SCD_SOD,15104815
15105092,RECON_NT_CSH_PMT,15104813,SCD_RECON_NT_CASH_PMT,,15101025
15105094,WAIT_SCD_RECON_NT_CASH_PMT,15104731,SCD_EOD_PROCESSING,,15104816
15105096,PERF_EXTRACT_UPD,15104733,SCD_PERF_DAILY,,15101088
15105097,SA_PAYR_RAISE_STAT,15104813,SCD_RECON_NT_CASH_PMT,,15104764
15105098,WAIT_SCD_RECON_NT_CASH_PMT,15104735,SCD_DWH_LOAD,,15104816
15105205,IO_SWAP_ID_MAPPING,15104894,IO_SWAP_ID_MAPPING,,15101103
27255438,IPD_PRFCLC_EXT,27255433,IPD_PRFCLC_EXT,,15101103
15105101,Copy_To_Direct_and_Archive,15104824,MANUAL_QUOTE,,15101004
15105102,MANUAL_QUOTE,15104824,MANUAL_QUOTE,,15104823
15105103,MANUAL_QUOTE,15104825,MANUAL_QUOTE,,15104824
15105104,WAIT_SOD_SET_DATE,15104756,SA_CASH_MGMT,,15104815
15105105,BCI_Callout_Rotation,15104827,Scheduled_BCI_Callout_Rotation,,15101121
15105107,TRN_PMT_REC_AUXSTAT,15104813,SCD_RECON_NT_CASH_PMT,,15101092
15105109,REF_EXTRACTS,15104829,SCD_EXTRACTS_POST_EOD,,15101032
15105111,SEC_EXTRACTS,15104829,SCD_EXTRACTS_POST_EOD,,15101075
15105112,SOI_EXTRACT,15104829,SCD_EXTRACTS_POST_EOD,,15101017
27255439,IPD_TRN_EXT,27255432,IPD_TRN_EXT,,15101103
15105114,Check_BatchJob_Log,15104823,MANUAL_QUOTE,,15104861
15105115,MANUAL_QUOTES,15104831,MANUAL_QUOTES,,15104823
15105116,WAIT_SCD_EOD_PROCESSING,15104829,SCD_EXTRACTS_POST_EOD,,15104737
15105118,RECON_INT_DERIV,15104833,RECON_INT_DERIV,,15101057
15105120,WAIT_DM_REF_MKTDATA_TRIGGERED,15104731,SCD_EOD_PROCESSING,,15104834
15214271,SA_CASH_MGMT,15214269,SA_CASH_MGMT,,15101063
15255879,Copy_To_SFTP_and_Archive_SMF_RepoFixing_Scheds,15104766,FLS_DEXS,/SimCorp Dimension/Break_Fix/Plans/FLS_DEXS,15101006
15265243,FLS_DEXS,15265219,FLS_DEXS_DO,,15104766
17672401,LE_NAME_UPD,17672392,LE_NAME_UPD,/SimCorp Dimension/BreakFix/Jobs/LE_NAME_UPD,15101103
15317435,RE_DWH_CLEAN,15317429,RE_DWH_CLEAN,,15317416
15317438,RE_DWH_CLEAN,15317423,RE_DWH_CLEAN,,15317429
15640685,WAIT_SCD_SOD,15104756,SA_CASH_MGMT,,15640663
15713558,SA_PAYR_RAISE_STAT,15104768,PAYMENT_RECONCILLIATION,/SimCorp Dimension/BreakFix/Scheduled_Plans/PAYMENT_RECONCILLIATION,15104764
15101233,MAN_EXT_CL_TRD,15100991,MAN_EXT_CL_TRD,,15101103
15714531,Set_Trigger_Variables,15713781,MAN_FORMULA_VALUE,,15715489
15714533,Copy_To_Archive,15713781,MAN_FORMULA_VALUE,/SimCorp Dimension/BreakFix/Plans/MAN_FORMULA_VALUE,15101010
15714535,Move_File_To_Folder,15713781,MAN_FORMULA_VALUE,,15713881
15714542,MAN_FORMULA_VALUE,15713781,MAN_FORMULA_VALUE,/SimCorp Dimension/BreakFix/Plans/MAN_FORMULA_VALUE,15713751
15714847,Copy_To_Manual_Archive,15713781,MAN_FORMULA_VALUE,,15101010
15714855,MAN_FORMULA_VALUE,15714853,MAN_FORMULA_VALUE,,15713781
15713777,MAN_FORMULA_VALUE,15713751,MAN_FORMULA_VALUE,,15101103
15828578,WAIT_SCD_EOD_PROCESSING,15828575,SCD_FLS_DEX_EXTRACT,,15104737
15828579,FLS_DEXS,15828575,SCD_FLS_DEX_EXTRACT,,15104766
15828580,SA_MOD_ADMIN,15828576,SA_MOD_ADMIN,,15828574
15828581,SA_MOD_ADMIN,15828575,SCD_FLS_DEX_EXTRACT,,15828576
15828602,FIN_REPO_RECON_DEXS,15828575,SCD_FLS_DEX_EXTRACT,,15826224
15831291,FIN_REPO_RECON_DEXS,15831290,FIN_REPO_RECON_DEXS,,15826152
15831292,WAIT_SCD_EOD_PROCESSING,15831290,FIN_REPO_RECON_DEXS,,15104737
15866826,PRF_REP_DAILY,15866816,PRF_REP_DAILY,,15824366
15866837,WAIT_SCD_PERF_DAILY,15866816,PRF_REP_DAILY,,15104739
15866857,PRF_REP_MONTHLY,15866847,PRF_REP_MONTHLY,/SimCorp Dimension/BreakFix/Constraint_Triggered_Plans/PRF_REP_MONTHLY,15824369
15866870,WAIT_SCD_PERF_ME,15866847,PRF_REP_MONTHLY,/SimCorp Dimension/BreakFix/Constraint_Triggered_Plans/PRF_REP_MONTHLY,15104806
15105100,MANUAL_QUOTE,15104823,MANUAL_QUOTE,,15101103
15950739,DM_REF_FORMULA_VALUE,15950737,DM_REF_FORMULA_VALUE,,15950733
15950741,Copy_To_Direct_and_Archive,15950737,DM_REF_FORMULA_VALUE,/SimCorp Dimension/BreakFix/Plans/DM_FORMULA_VALUE,15101004
15950754,DM_REF_FORMULA_VALUE,15950752,DM_REF_FORMULA_VALUE,/SimCorp Dimension/BreakFix/Triggered_Plans/DM_FORMULA_VALUE,15950737
15950764,Delete_From_Direct_After_Processing,15950737,DM_REF_FORMULA_VALUE,,15101005
16113155,STREPO_DEXS,16113154,SCD_STREPO_DEXS,/SimCorp Dimension/BreakFix/Constraint_Triggered_Plans/SCD_STREPO_DEXS,15963278
16182336,WAIT_DWHREC_GLHOLDING,15104736,SCD_SOD,/SimCorp Dimension/BreakFix/Constraint_Triggered_Plans/SCD_SOD,16180004
16195429,WAIT_DWH_GL_HOLDINGS_RECON_FILE,16195417,SCD_DWH_RECON_GLHOLDING,/SimCorp Dimension/BreakFix/Constraint_Triggered_Plans/SCD_DWH_RECON_GLHOLDING,15104760
16195440,WAIT_SCD_DWH_LOAD,16195417,SCD_DWH_RECON_GLHOLDING,/SimCorp Dimension/BreakFix/Constraint_Triggered_Plans/SCD_DWH_RECON_GLHOLDING,15104738
16195480,DWHREC_GLHOLDNG,16195417,SCD_DWH_RECON_GLHOLDING,,15101080
16195528,WAIT_DWH_RECON_GLHOLDING,15104757,SCD_DWH_RECON,/SimCorp Dimension/BreakFix/Constraint_Triggered_Plans/SCD_DWH_RECON,16180004
15101240,MIG_POST_VAL,15100998,MIG_POST_VAL,,15101103
16343837,SECURITY_DEAL_ID,16343832,SECURITY_DEAL_ID,,16343831
16343838,SECURITY_DEAL_ID,16343833,SECURITY_DEAL_ID,,16343832
15101200,PERF_CASH_BUCKETS,15100958,PERF_CASH_BUCKETS,,15101103
16343840,REPO_FLOAT_MAT,16343835,REPO_FLOAT_MAT,,16343834
16343841,Copy_To_SFTP_And_Archive,16343835,REPO_FLOAT_MAT,,15101006
16344669,WAIT_SCD_RECON_NT_CASH_PMT,16343833,SECURITY_DEAL_ID,/SimCorp Dimension/BreakFix/Constraint_Triggered_Plans/SECURITY_DEAL_ID,15104816
16430455,RECON_NT_CSH_PMT,16430453,RECON_NT_CASH_PMT,,15101025
16529773,REPO_FLOAT_MAT,16529766,SCD_REPO_FLOAT_MAT_POST_SOD,,16343835
16529777,WAIT_SCD_SOD,16529766,SCD_REPO_FLOAT_MAT_POST_SOD,,15640663
16530741,WAIT_SCD_REPO_FLOAT_MAT_POST_SOD,16530729,SCD_FRR_MAT_ALERT,/SimCorp Dimension/BreakFix/Constraint_Triggered_Plans/SCD_FRR_MAT_ALERT,16529818
16530763,FRR_MAT_ALERT,16530729,SCD_FRR_MAT_ALERT,,16529651
15101202,PERF_DAILY_CLIENT,15100960,PERF_DAILY_CLIENT,,15101103
16572524,RE_DWH_PFC_CLEAN,16572517,RE_DWH_PFC_CLEAN,/SimCorp Dimension/BreakFix/Plans/RE_DWH_PFC_DELETE,16572501
16572537,RE_DWH_PFC_CLEAN,16572535,RE_DWH_PFC_CLEAN,/SimCorp Dimension/BreakFix/Scheduled_Plans/RE_DWH_PFC_DELETE,16572517
16576556,SA_EOD_ADMIN,16576551,SA_EOD_ADMIN,,15101020
16631785,DWHREC_ABOR_POS,16631783,DWH_RECON,/SimCorp Dimension/BreakFix/Adhoc_Plans/DWH_RECON,15101083
16631787,DWHREC_FUND_DCMP,16631783,DWH_RECON,,15101079
16631789,DWHREC_IBOR_POS,16631783,DWH_RECON,/SimCorp Dimension/BreakFix/Adhoc_Plans/DWH_RECON,15101081
16631791,DWHREC_IBOR_SETT,16631783,DWH_RECON,/SimCorp Dimension/BreakFix/Adhoc_Plans/DWH_RECON,15101082
20404180,PERF_DAILY_CLIENT_1,20404069,PERF_DAILY_CLIENT_1,/SimCorp Dimension/BreakFix/Jobs/PERF_DAILY_CLIENT_1,15101103
16724117,TRN_CDS,16724114,TRN_CDS,,16724113
16724118,Copy_To_Direct_and_Archive,16724114,TRN_CDS,,15101004
16724119,Delete_From_Direct_After_Processing,16724114,TRN_CDS,,15101005
16724120,TRN_CDS,16724115,TRN_CDS_TRIGGERED,,16724114
17039858,Copy_To_SFTP_and_Archive_IO,15101063,SA_CASH_MGMT,/SimCorp Dimension/BreakFix/Plans/SA_CASH_MGMT,15101006
20404187,PERF_DAILY_CLIENT_2,20404083,PERF_DAILY_CLIENT_2,/SimCorp Dimension/BreakFix/Jobs/PERF_DAILY_CLIENT_2,15101103
17044050,HIST_RETURN,17044048,HIST_RETURN,,17044047
17044088,HIST_RETURN,17044078,HIST_RETURN,,17044048
20404190,PERF_DAILY_CLIENT_3,20404097,PERF_DAILY_CLIENT_3,/SimCorp Dimension/BreakFix/Jobs/PERF_DAILY_CLIENT_3,15101103
17191216,DM_REF_PORTF_DATA,17191213,DM_REF_PORTF_DATA,,17191212
17191217,DM_REF_PORTF_DATA,17191214,DM_REF_PORTF_DATA,,17191213
15101201,PERF_DAILY_FUND,15100959,PERF_DAILY_FUND,,15101103
17210539,DM_REF_MP,17210533,DM_REF_MP,,17210532
17210540,DM_REF_MP,17210534,DM_REF_MP,,17210533
20404198,PERF_DAILY_FUND_1,20404108,PERF_DAILY_FUND_1,/SimCorp Dimension/BreakFix/Jobs/PERF_DAILY_FUND_1,15101103
17210542,DM_REF_FUNDDEFN_DATA,17210536,DM_REF_FUNDDEFN_DATA,,17210535
17210543,DM_REF_FUNDDEFN_DATA,17210537,DM_REF_FUNDDEFN_DATA,,17210536
20404200,PERF_DAILY_FUND_2,20404141,PERF_DAILY_FUND_2,/SimCorp Dimension/BreakFix/Jobs/PERF_DAILY_FUND_2,15101103
17374409,TRN_BANK_ACC_OPN_BAL,17374406,TRN_BANK_ACC_OPN_BAL,,17374405
17374410,TRN_BANK_ACC_OPN_BAL,17374407,TRN_BANK_ACC_OPN_BAL,,17374406
17374411,Copy_To_Direct_and_Archive,17374406,TRN_BANK_ACC_OPN_BAL,,15101004
17374412,Delete_From_Direct_After_Processing,17374406,TRN_BANK_ACC_OPN_BAL,,15101005
20404215,PERF_DAILY_FUND_3,20404150,PERF_DAILY_FUND_3,/SimCorp Dimension/BreakFix/Jobs/PERF_DAILY_FUND_3,15101103
17428642,DM_FX_RATE_UPDT,17428637,DM_FX_RATE_UPDT,,17428636
17459938,TRN_CASH,17459937,TRN_CASH_TRIGGERED,,17044672
15101203,PERF_DAILY_INDEX,15100961,PERF_DAILY_INDEX,,15101103
17611135,DM_REF_PORTF_UPDT,17611132,DM_REF_PORTF_UPDT,,17611131
17611136,DM_REF_PORTF_UPDT,17611133,DM_REF_PORTF_UPDT,,17611132
15101420,PERF_EXTRACT_UPD,15101087,PERF_EXTRACT_UPD,,15101103
17672410,LE_NAME_UPD,17672408,LE_NAME_UPD,,17672392
17672423,LE_NAME_UPD,17672416,LE_NAME_UPD,,17672408
20294823,PERF_F_EXTRACT_UPD,20294821,PERF_F_EXTRACT_UPD,/SimCorp Dimension/BreakFix/Jobs/PERF_F_EXTRACT_UPD,15101103
17926714,DM_REF_PORTF_BNKACC,17926687,DM_REF_PORTF_BNKACC,,17926631
17926739,DM_REF_PORTF_BNKACC,17926733,DM_REF_PORTF_BNKACC,,17926687
18181377,WAIT_MARKET_CORRA_RATES,16529766,SCD_REPO_FLOAT_MAT_POST_SOD,/SimCorp Dimension/BreakFix/Constraint_Triggered_Plans/SCD_REPO_FLOAT_MAT_POST_SOD,18181273
18287139,Move_To_Archive,18287132,DM_MKTDATA_IDXCONST,,18287133
18287140,DM_MKTDATA_IDXCONST,18287134,DM_MKTDATA_IDXCONST_TRIGGERED,,18287132
15101208,PERF_INDEX_UNIDATA,15100966,PERF_INDEX_UNIDATA,,15101103
18412991,SO_PFC_DEADLOCK_EXT,18412981,SO_PFC_DEADLOCK_EXT,,18412980
18412992,Move_To_Folder,18412981,SO_PFC_DEADLOCK_EXT,,18287133
18412993,SO_PFC_DEADLOCK_EXT,18412982,SCD_SO_PFC_DEADLOCK_EXT,,18412981
24138375,PERF_IUD_IMPORT,24138373,PERF_IUD_IMPORT,,15101103
18552847,SA_CR_REF_RATE_FIX,18552844,SA_CR_REF_RATE_FIX,,18552843
18552848,SA_CR_REF_RATE_FIX,18552845,SA_CR_REF_RATE_FIX,,18552844
18579207,SA_CR_REF_RATE_FIX,16529766,SCD_REPO_FLOAT_MAT_POST_SOD,/SimCorp Dimension/BreakFix/Constraint_Triggered_Plans/SCD_REPO_FLOAT_MAT_POST_SOD,18552844
18669164,Direct_Archive,15101080,DWHREC_GLHOLDNG,,15101011
18671211,Delete_From_Direct_After_Processing_SCD_File,15101080,DWHREC_GLHOLDNG,/SimCorp Dimension/BreakFix/Plans/DWHREC_GLHOLDNG,15101005
15101239,PERF_MCDS,15100997,PERF_MCDS,,15101103
19712701,SO_GEN_REC_STATS_EXT,19712699,SO_GEN_REC_STATS_EXT,,19712609
19713178,Copy_To_SFTP_and_Archive,19712699,SO_GEN_REC_STATS_EXT,,15101006
15101205,PERF_ME_CLIENT,15100963,PERF_ME_CLIENT,,15101103
15101204,PERF_ME_FUND,15100962,PERF_ME_FUND,,15101103
31794794,PERF_WEEKLY_CLIENT_1,31794793,PERF_WEEKLY_CLIENT_1,,15101103
15101206,PERF_WEEKLY_FUND,15100964,PERF_WEEKLY_FUND,,15101103
31794849,PERF_WEEKLY_FUND_1,31794848,PERF_WEEKLY_FUND_1,,15101103
19906229,PRF_IRR_CALC,19906226,PRF_CALC_IRR,,19906228
19906230,PRF_IRR_CALC,19906227,PRF_IRR_CALC,,15101103
20188859,Copy_To_SFTP_and_Archive,20188857,AUDIT_ACTIVE_USERS,,15101006
20188861,AUDIT_ACTIVE_USERS,20188857,AUDIT_ACTIVE_USERS,,20187947
15824371,PRF_REP_DAILY,15824365,PRF_REP_DAILY,,15101103
20294880,PERF_F_EXTRACT_UPD,20294828,PERF_F_EXTRACT_UPD,,20294821
29349622,PRF_REP_DAILY_1,29349614,PRF_REP_DAILY_1,,15101103
29349623,PRF_REP_DAILY_2,29349615,PRF_REP_DAILY_2,,15101103
15824379,PRF_REP_MONTHLY,15824368,PRF_REP_MONTHLY,,15101103
15101207,RE_CASH_MGMT,15100965,RE_CASH_MGMT,,15101103
15317419,RE_DWH_CLEAN,15317416,RE_DWH_CLEAN,/SimCorp Dimension/Break_Fix/Jobs/RE_DWH_CLEAN,15101103
19731365,RE_DWH_FUND_CLEANUP,19731353,RE_DWH_FUND_CLEANUP,,15101103
20740008,TRN_SWAPTION,20739884,TRN_SWAPTION_TRIGGERED,,15101068
20775879,WAIT_SWIFT_CASH_RECON_FILE,15104813,SCD_RECON_NT_CASH_PMT,,20775877
20775880,SWIFT_CHECK_FOR_MT_FILES,15104813,SCD_RECON_NT_CASH_PMT,,20776628
20935681,Wait_EDM_To_SCD_Market_Prices,20935607,SCD_MANUAL_QUOTE,,15104743
20936396,WAIT_DM_REF_MKTDATA_TRIGGERED,20935607,SCD_MANUAL_QUOTE,,15104834
20936668,MANUAL_QUOTE,20935607,SCD_MANUAL_QUOTE,,15104823
21527003,EXTMGR_START_OF_DAY_MOVE_FILES,21527001,EXTMGR_START_OF_DAY_MOVE_FILES,,21527002
15101182,RE_DWH_LOAD,15100938,RE_DWH_LOAD,,15101103
22185787,RECON_NT_POS_IAB_590,15101026,RECON_NT_POS_IAB,,22185785
19731364,RE_DWH_LOAD_PLAN,19731352,RE_DWH_LOAD_PLAN,,15101103
24138376,Copy_To_Direct_and_Archive,24138372,PERF_IUD_IMPORT,,15101004
24138377,Delete_From_Direct_After_Processing,24138372,PERF_IUD_IMPORT,,15101005
24138378,PERF_IUD_IMPORT,24138372,PERF_IUD_IMPORT,,24138373
24138379,PERF_IUD_IMPORT,24138374,PERF_IUD_IMPORT,,24138372
24138380,Check_BatchJob_Log,24138373,PERF_IUD_IMPORT,,15104861
19731362,RE_DWH_PFC_1,19731350,RE_DWH_PFC_1,,15101103
19731363,RE_DWH_PFC_2,19731351,RE_DWH_PFC_2,,15101103
24391937,DM_EXT_REF_RATES_CO,24391930,DM_EXT_REF_RATES_CO,,24391928
24391938,DM_EXT_REF_RATES_SO,24391931,DM_EXT_REF_RATES_SO,,24391929
24391939,DM_EXT_REF_RATES_SO,24391932,WAIT_MARKET_SOFR_RATES,,24391931
16572515,RE_DWH_PFC_CLEAN,16572501,RE_DWH_PFC_CLEAN,,15101103
24476337,SA_CASHFORE_ALLCCY,24476144,SA_CASHFORE_ALLCCY,,24476153
24476371,SA_CASHFORE_ALLCCY,15104756,SA_CASH_MGMT,,24476144
19731366,RE_DWH_POS_CLEANUP,19731354,RE_DWH_POS_CLEANUP,,15101103
24512596,TRN_DIV_SWAP,24512593,TRN_DIV_SWAP,,24512592
24512597,Copy_To_Direct_and_Archive,24512593,TRN_DIV_SWAP,,15101004
24512598,Delete_From_Direct_After_Processing,24512593,TRN_DIV_SWAP,,15101005
24512599,TRN_DIV_SWAP,24512594,TRN_DIV_SWAP_TRIGGERED,,24512593
25333505,Delete_From_Direct_After_Processing,15104824,MANUAL_QUOTE,,15101005
25361080,DM_EXT_WHT_DEDUC,25361077,SCD_AIM_WHT_DEDUCTIONS,,25361079
25361081,WAIT_SCD_SOD,25361077,SCD_AIM_WHT_DEDUCTIONS,,15640663
25361082,WAIT_SOD_SET_DATE,25361077,SCD_AIM_WHT_DEDUCTIONS,,15104815
15101234,RE_PERF_DWH_LOAD,15100992,RE_PERF_DWH_LOAD,,15101103
26596682,DM_COPY_NT_CASH_PMT,26596679,DM_COPY_NT_CASH_PMT,,26596678
26596683,Copy_To_SFTP_and_Archive,26596679,DM_COPY_NT_CASH_PMT,,15101006
26596684,DM_COPY_NT_CASH_PMT,26596680,DM_COPY_NT_CASH_PMT,,26596679
26622011,DM_REF_SEC_ALL,26622008,DM_REF_SEC_ALL,,15101017
26622280,DM_REF_EXTRACTS,26622066,DM_EXT_EDM_SMF,,15101032
26622433,REF_SMF,26622066,DM_EXT_EDM_SMF,,15101075
15101183,RECON_INT_BNK_CB,15100939,RECON_INT_BNK_CB,,15101103
27288574,DM_COPY_NT_POS_FILE,27288551,DM_COPY_NT_POS_FILE,,27288472
27288604,Copy_To_SFTP_and_Archive,27288551,DM_COPY_NT_POS_FILE,,15101006
27288622,DM_COPY_NT_POS_FILE,27288620,DM_COPY_NT_POS_FILE,,27288551
15101219,RECON_INT_DERIV,15100977,RECON_INT_DERIV,,15101103
28026832,DM_FX_RATE_COPY,28026830,DM_FX_RATE_COPY,,28026826
28027032,DM_FX_RATE_COPY,28027017,DM_FX_RATE_COPY,,28026830
15101184,RECON_INT_UNIT_1,15100940,RECON_INT_UNIT_1,,15101103
28241267,SA_REF_RATES_ZERO,28241240,SA_REF_RATES_ZERO,,28241076
28241303,SA_REF_RATES_ZERO,16529766,SCD_REPO_FLOAT_MAT_POST_SOD,,28241240
28441013,RE_DWH_LOAD_ADHOC,28441011,RE_DWH_LOAD_ADHOC,,28441012
29212849,Copy_To_Direct_and_Archive,29212846,RECON_NT_WHT_FILE_MOVE,,15101004
29212850,RECON_NT_WHT_FILE_MOVE,29212847,RECON_NT_WHT_FILE_MOVE_TRIGGERED,,29212846
29349450,WAIT_SCD_PERF_DAILY_2,29349446,SCD_PERF_REP_DAILY_1,,29349610
29349452,PERF_REP_DAILY_1,29349446,SCD_PERF_REP_DAILY_1,,29349612
29349618,WAIT_SCD_PERF_DAILY_2,29349609,SCD_PERF_REP_DAILY_2,/SimCorp Dimension/BreakFix/Constraint_Triggered_Plans/SCD_PERF_REP_DAILY_2,29349610
29349619,PERF_REP_DAILY_2,29349609,SCD_PERF_REP_DAILY_2,,29349613
15101185,RECON_INT_UNIT_2,15100941,RECON_INT_UNIT_2,,15101103
30023179,DM_EXT_HLD_STD_CTRT,30023173,DM_EXT_HLD_STD_CTRT,/DM_EXT_HLD_STD_CTRT,30143172
15101186,RECON_NT_CSH_BAL,15100942,RECON_NT_CSH_BAL,,15101103
30023181,DM_HLD_EST_YLD_CURV,30023175,DM_HLD_EST_YLD_CURV,,30023174
30023182,DM_HLD_EST_YLD_CURV,30023176,DM_HLD_EST_YLD_CURV,,30023174
30143176,DM_EXT_HLD_STD_CTRT,30143172,DM_EXT_HLD_STD_CTRT,,30023171
15101187,RECON_NT_CSH_PMT,15100943,RECON_NT_CSH_PMT,,15101103
30975888,TRN_EXT_RECON,30975887,TRN_EXT_RECON,,30973335
30975889,Copy_To_Direct_and_Archive,30975887,TRN_EXT_RECON,,15101004
30975890,Delete_From_Direct_After_Processing,30975887,TRN_EXT_RECON,,15101005
15101188,RECON_NT_POS_IAB,15100944,RECON_NT_POS_IAB,,15101103
31262041,DM_REF_FCDIV,31262038,DM_REF_FCDIV,,31262037
31262042,DM_REF_FCDIV,31262039,DM_REF_FCDIV,,31262038
22185786,RECON_NT_POS_IAB_590,22185785,RECON_NT_POS_IAB_590,,15101103
15101190,RECON_NT_POS_IO,15100946,RECON_NT_POS_IO,,15101103
32123407,WAIT_SCD_PERF_DAILY_1,32123403,SCD_PERF_DAILY_2,,
32123408,PERF_DAILY_2,32123403,SCD_PERF_DAILY_2,,32123405
32123409,PERF_DAILY_3,32123404,SCD_PERF_DAILY_3,,32123406
32123410,WAIT_SCD_PERF_DAILY_2,32123404,SCD_PERF_DAILY_3,,29349610
15101191,RECON_NT_TRX,15100947,RECON_NT_TRX,,15101103
32184742,DM_COPY_DWHREC,32184740,DM_COPY_DWHREC,,32184700
32184840,DM_COPY_DWHREC,32184792,DM_COPY_DWHREC,,32184740
32185240,Copy_To_SFTP_and_Archive,32184740,DM_COPY_DWHREC,,15101006
15101189,RECON_NT_WTAX,15100945,RECON_NT_WTAX,,15101103
32680776,SO_DWHREC_GLHOL_CL,32680773,SO_DWHREC_GLHOL_CL,,32680772
32680777,SO_DWHREC_GLHOL_CL,32680774,SO_DWHREC_GLHOL_CL,,32680773
19908188,REF_DATA_IAB,19908185,REF_DATA_IAB,,15101103
15101236,REF_SMF,15100994,REF_SMF,,15101103
15105209,REF_SMF_LFCONTRACTS,15104897,REF_SMF_LFCONTRACTS,,15101103
16343839,REPO_FLOAT_MAT,16343834,REPO_FLOAT_MAT,,15101103
15101224,SA_CASH_MGMT,15100982,SA_CASH_MGMT,,15101103
17036922,SA_CASH_MGMT_IO,17036918,SA_CASH_MGMT_IO,,15101103
24476165,SA_CASHFORE_ALLCCY,24476153,SA_CASHFORE_ALLCCY,/SimCorp Dimension/BreakFix/Jobs/SA_CASHFORE_ALLCCY,15101103
15101442,TRN_CAP_PAY,15101112,TRN_CAP_PAY,,15101105
15101443,Copy_To_Direct_and_Archive,15101112,TRN_CAP_PAY,,15101004
15101444,Delete_From_Direct_After_Processing,15101112,TRN_CAP_PAY,,15101005
15101445,TRN_PDWN_LN_FAC,15101113,TRN_PDWN_LN_FAC,,15101106
15101446,Copy_To_Direct_and_Archive,15101113,TRN_PDWN_LN_FAC,,15101004
15101447,Delete_From_Direct_After_Processing,15101113,TRN_PDWN_LN_FAC,,15101005
15101448,TRN_LN_FAC_ROL,15101114,TRN_LN_FAC_ROL,,15101110
15101449,Copy_To_Direct_and_Archive,15101114,TRN_LN_FAC_ROL,,15101004
15101450,Delete_From_Direct_After_Processing,15101114,TRN_LN_FAC_ROL,,15101005
15101451,TRN_ALT_INV_INC_EXP,15101115,TRN_ALT_INV_INC_EXP,,15101107
15101452,Copy_To_Direct_and_Archive,15101115,TRN_ALT_INV_INC_EXP,,15101004
15101453,Delete_From_Direct_After_Processing,15101115,TRN_ALT_INV_INC_EXP,,15101005
15101454,TRN_LN_FAC_DWN,15101116,TRN_LN_FAC_DWN,,15101109
15101455,Copy_To_Direct_and_Archive,15101116,TRN_LN_FAC_DWN,,15101004
15101456,Delete_From_Direct_After_Processing,15101116,TRN_LN_FAC_DWN,,15101005
15101457,TRN_BOOK_CORR,15101117,TRN_BOOK_CORR,,15101108
15101458,Copy_To_Direct_and_Archive,15101117,TRN_BOOK_CORR,,15101004
15101459,Delete_From_Direct_After_Processing,15101117,TRN_BOOK_CORR,,15101005
15101460,bcIMC_Callout,15101118,BCI_Callout,,446505
15101463,Copy_To_Direct_and_Archive,15101120,DM_ALT_INV_MV,,15101004
15101464,DM_ALT_INV_MV,15101120,DM_ALT_INV_MV,,15101111
15101465,Delete_From_Direct_After_Processing,15101120,DM_ALT_INV_MV,,15101005
18552846,SA_CR_REF_RATE_FIX,18552843,SA_CR_REF_RATE_FIX,,15101103
15101467,ADHOC_PERF_DAILY_FUN,15101123,ADHOC_PERF_DAILY_FUN,,15101122
17573335,SA_DWH_REC_STATS,17573320,SA_DWH_REC_STATS,/SimCorp Dimension/BreakFix/Jobs/Extracts_And_Reporting/SA_DWH_REC_STATS,15101103
15101192,SA_EOD_ADMIN,15100948,SA_EOD_ADMIN,,15101103
15101470,ADHOC_PERF_DAILY_CLI,15101126,ADHOC_PERF_DAILY_CLI,,15101125
15101198,SA_EOD_PMT,15100955,SA_EOD_PMT,,15101103
15101472,ADHOC_PERF_DAILY_IDX,15101128,ADHOC_PERF_DAILY_IDX,,15101127
15828577,SA_MOD_ADMIN,15828574,SA_MOD_ADMIN,,15101103
15101474,ADHOC_PERF_DEX_UPD,15101129,ADHOC_PERF_DEX_UPD,,15101130
15104961,SA_PAYR_RAISE_GL,15104729,SA_PAYR_RAISE_STAT,,15101103
15101476,ADHOC_PERF_LBF,15101132,ADHOC_PERF_LBF,,15101131
28241102,SA_REF_RATES_ZERO,28241076,SA_REF_RATES_ZERO,/SimCorp Dimension/BreakFix/Jobs/SA_REF_RATES_ZERO,15101103
15101478,ADHOC_PERF_ME_CLIENT,15101133,ADHOC_PERF_ME_CLIENT,,15101134
15101193,SA_SOD_ADMIN,15100949,SA_SOD_ADMIN,,15101103
15101480,ADHOC_PERF_ME_FUND,15101136,ADHOC_PERF_ME_FUND,,15101135
15105144,DWHREC_GLHOLDNG,15104863,DWHREC_GLHOLDNG_TRIGGERED,,15101080
15105145,DWHREC_FUND_DCMP,15104864,DWHREC_FUND_DCMP_TRIGGERED,,15101079
15105146,DWHREC_ABOR_POS,15104865,DWHREC_ABOR_POS_TRIGGERED,,15101083
15105147,DWHREC_IBOR_POS,15104866,DWHREC_IBOR_POS_TRIGGERED,,15101081
15105148,DWHREC_IBOR_SETT,15104867,DWHREC_IBOR_SETT_TRIGGERED,,15101082
15105149,DWHREC_SCD_FILE_MOVE,15104865,DWHREC_ABOR_POS_TRIGGERED,,15101084
15105150,DWHREC_SCD_FILE_MOVE,15104864,DWHREC_FUND_DCMP_TRIGGERED,,15101084
15105151,TRN_CAP_PAY,15104868,TRN_CAP_PAY_TRIGGERED,,15101112
15105152,TRN_PDWN_LN_FAC,15104869,TRN_PDWN_LN_FAC_TRIGGERED,,15101113
15105153,TRN_LN_FAC_ROL,15104870,TRN_LN_FAC_ROL_TRIGGERED,,15101114
15105154,TRN_ALT_INV_INC_EXP,15104871,TRN_ALT_INV_INC_EXP_TRIGGERED,,15101115
15105155,TRN_LN_FAC_DWN,15104872,TRN_LN_FAC_DWN_TRIGGERED,,15101116
15105156,TRN_BOOK_CORR,15104873,TRN_BOOK_CORR_TRIGGERED,,15101117
15105157,Receive_Email_And_Save_Attachment,15104875,PROCESS_EMAIL,,15104798
15105158,Email_Submit_Batch_Job,15104875,PROCESS_EMAIL,,15104800
15105159,Validate_User_For_Job,15104875,PROCESS_EMAIL,,15104801
15105160,Find_Folder_And_FTP_File,15104875,PROCESS_EMAIL,,15104799
15105161,PROCESS_EMAIL,15104876,PROCESS_SCD_BATCH_EMAIL_TRIGGERED,,15104875
16343836,SECURITY_DEAL_ID,16343831,SECURITY_DEAL_ID,,15101103
15105163,FX_HEDGE_EXTRACT,15104878,EXTRACT_FX_HEDGES,,15104877
15105164,Copy_To_SFTP_And_Archive,15104878,EXTRACT_FX_HEDGES,,15101006
15105165,BCI_Move_From_FTP_To_Local,15104879,BCI_MOVE_FX_HEDGES_OLD,,15104478
15105166,BCI_Copy_To_Archive,15104879,BCI_MOVE_FX_HEDGES_OLD,,15104455
15105168,BCI_MOVE_FX_HEDGES,15104880,BCI_FX_HEDGING_IRR_TRIGGERED,,15104879
15105169,BCI_Remove_Date_From_FileName,15104879,BCI_MOVE_FX_HEDGES_OLD,,15104479
15105170,BCI_Remove_String_From_FileName,15104879,BCI_MOVE_FX_HEDGES_OLD,,15104480
15105172,Swift_Files_Get_And_FTP_SCD,15104881,SWIFT_FILES_GET_AND_FTP_SCD,,15101119
15105175,SWIFT_MOVE_TO_COMM_SERVER,15104883,SWIFT_MOVE_TO_COMM_SERVER,,15104882
15105176,BCI_FTP_To_Integration,15104884,BCI_FTP_TO_INTEGRATION,,15104819
15105177,BCI_FTP_TO_INTEGRATION,15104885,BCI_FTP_TO_INTEGRATION,,15104884
15105178,DM_ALT_INV_MV,15104874,DM_ALT_INV_MV_TRIGGERED,,15101120
15105179,BCI_Move_To_Archive,15104884,BCI_FTP_TO_INTEGRATION,,15104481
15105180,AUDIT_REPORTS,15104886,AUDIT_REPORTS,,15104820
15105181,Copy_To_SFTP_and_Archive_RESTN_AGE,15104886,AUDIT_REPORTS,,15101006
15105182,Copy_To_SFTP_and_Archive_Fee_Age,15104886,AUDIT_REPORTS,,15101006
15105183,Copy_To_SFTP_and_Archive_Fee_Adj,15104886,AUDIT_REPORTS,,15101006
15105184,AUDIT_REPORTS,15104887,AUDIT_REPORTS,,15104886
32339846,SO_CBU_CLEANUP,32339843,SO_CBU_CLEANUP,,15101103
15105186,AR_MTHLY,15104888,AR_MTHLY,,15104889
15105187,Copy_To_SFTP_and_Archive_BackDate,15104888,AR_MTHLY,,15101006
15105188,Copy_To_SFTP_and_Archive_Amort,15104888,AR_MTHLY,,15101006
15105189,Copy_To_SFTP_and_Archive_Resn_Age,15104888,AR_MTHLY,,15101006
15105190,Copy_To_SFTP_and_Archive_Fee_Age,15104888,AR_MTHLY,,15101006
15105191,Copy_To_SFTP_and_Archive_Fee_Adj,15104888,AR_MTHLY,,15101006
15105192,Copy_To_SFTP_and_Archive_Audit_Trail,15104888,AR_MTHLY,,15101006
15105193,Copy_To_SFTP_and_Archive_Manual_GL,15104888,AR_MTHLY,,15101006
15105194,Copy_To_SFTP_and_Archive_BookCor,15104888,AR_MTHLY,,15101006
15105195,AR_MTHLY,15104890,AR_MTHLY,,15104888
32680775,SO_DWHREC_GLHOL_CL,32680772,SO_DWHREC_GLHOL_CL,,15101103
15105197,AR_ADHOC,15104892,AR_ADHOC,,15104891
15105198,Copy_To_SFTP_and_Archive_Setup_Fund,15104892,AR_ADHOC,,15101006
15105199,Copy_To_SFTP_and_Archive_Setup_PG,15104892,AR_ADHOC,,15101006
15105200,Copy_To_SFTP_and_Archive_Setup_PF,15104892,AR_ADHOC,,15101006
15105201,Copy_To_SFTP_and_Archive_Setup_MP,15104892,AR_ADHOC,,15101006
15105202,Copy_To_SFTP_and_Archive_Setup_Bank,15104892,AR_ADHOC,,15101006
15105203,Copy_To_SFTP_and_Archive_Setup_Cust,15104892,AR_ADHOC,,15101006
15105204,AR_ADHOC,15104893,AR_ADHOC,,15104892
19712647,SO_GEN_REC_STATS_EXT,19712609,SO_GEN_REC_STATS_EXT,/SimCorp Dimension/BreakFix/Jobs/SO_GEN_REC_STATS_EXT,15101103
15105206,IO_SWAP_ID_MAPPING,15104895,IO_SWAP_ID_MAPPING,,15104894
15105207,Copy_To_SFTP_and_Archive,15104895,IO_SWAP_ID_MAPPING,,15101006
15105208,IO_SWAP_ID_MAPPING,15104896,IO_SWAP_ID_MAPPING,,15104895
18412990,SO_PFC_DEADLOCK_EXT,18412980,SO_PFC_DEADLOCK_EXT,,15101103
15105210,REF_SMF_LFCONTRACTS,15104898,REF_SMF_LFCONTRACTS,,15104897
15105211,Copy_To_SFTP_and_Archive_LFCONTRACTS,15104898,REF_SMF_LFCONTRACTS,,15101006
15105212,REF_SMF_LFCONTRACTS,15104899,REF_SMF_LFCONTRACTS,,15104898
28439905,SO_V_BUS_DATA,28439904,SO_V_BUS_DATA,,15101103
15105214,AR_SYS_CHG,15104901,AR_SYS_CHG,,15104900
15105215,AR_SYS_CHG,15104902,AR_SYS_CHG,,15104901
15105216,Copy_To_Archive_And_FTP_To_SCD,15104903,GET_YIELD_SPREADS,,15101008
15105217,GET_YIELD_SPREADS,15104904,GET_YIELD_SPREADS,,15104903
15105218,Copy_To_SFTP_and_Archive_Profile_Change,15104901,AR_SYS_CHG,,15101006
15963280,STREPO_DEXS,15963277,STREPO_DEXS,,15101103
15105220,RE_PERF_DWH_LOAD,15104908,ADHOC_RE_PERF_DWH_LOAD,,15101074
15105221,Copy_To_SFTP_And_Archive,15104909,FX_FWD_RPT,,15101006
15105222,FX_FWD_RPT,15104909,FX_FWD_RPT,/SimCorp Dimension/Break_Fix/Plans/Extracts_And_Reporting/FX_HEDGE_RPT,15104905
15105223,WAIT_SUPERD_PRICES,15104914,CHECK_EOD_PRICES,,15104745
15357685,Email_Manual_Move_File,15357668,MANUAL_MOVE_TO_TRANSACTIONS,/SimCorp Dimension/Break_Fix/Plans/Process_Email/MANUAL_MOVE_TO_TRANSACTIONS,15357523
15357763,MANUAL_MOVE_TO_TRANSACTIONS,15357759,MANUAL_MOVE_TO_TRANSACTIONS,,15357668
15370781,Email_Manual_Move_File,15370743,SFTP_MOVE_TO_MANUAL,,15357523
15370800,SFTP_MOVE_TO_MANUAL,15370697,SFTP_MOVE_TO_MANUAL,,15370743
15453404,CHECK_SCD_EOD_PROCESSING,15447790,CHECK_SCD_EOD_PROCESSING,,15448242
15580611,CHECK_SOD_DWH_LOAD,15580598,CHECK_SOD_DWH_LOAD,,15578524
15101194,TM_DEPO_REPO,15100951,TM_DEPO_REPO,,15101103
15589392,IO_SETTLE_POSITIONS,15589385,IO_SETTLE_POSITIONS,,15589384
15589393,IO_SETTLE_POSITIONS,15589386,IO_SETTLE_POSITIONS,,15589385
15589394,Copy_To_SFTP_And_Archive,15589385,IO_SETTLE_POSITIONS,,15101006
15622465,Check_File_Age,15622460,CHECK_FILE_AGE,,15622459
15623551,CHECK_SYSTEM_DATE,15623549,CHECK_SYSTEM_DATE,,15623548
15101437,TRN_ALT_INV_INC_EXP,15101107,TRN_ALT_INV_INC_EXP,,15101103
15661419,IO_FUT_TXN,15661413,IO_FUT_TXN,/SimCorp Dimension/BreakFix/Plans/Extracts_And_Reporting/IO_FUT_TXN,15660857
15661434,Copy_To_SFTP_and_Archive,15661413,IO_FUT_TXN,,15101006
15661444,IO_FUT_TXN,15660870,IO_FUT_TXN,,15661413
17374408,TRN_BANK_ACC_OPN_BAL,17374405,TRN_BANK_ACC_OPN_BAL,,15101103
15755429,FX_REAL_G_L,15755427,FX_REAL_G_L,/SimCorp Dimension/BreakFix/Plans/Extracts_And_Reporting/FX_REAL_G_L,15755369
15755431,Copy_To_SFTP_and_Archive,15755427,FX_REAL_G_L,,15101006
15101438,TRN_BOOK_CORR,15101108,TRN_BOOK_CORR,,15101103
15824372,PRF_REP_DAILY,15824366,PRF_REP_DAILY,/Plans/Performance/PRF_REP_DAILY,15824365
15824373,Copy_To_SFTP_and_Archive_PRF_REP_C,15824366,PRF_REP_DAILY,,15101006
15824374,Copy_To_SFTP_and_Archive_PRF_INDX,15824366,PRF_REP_DAILY,,15101006
15824375,Copy_To_SFTP_and_Archive_PRF_CALC,15824366,PRF_REP_DAILY,,15101006
15824377,Copy_To_SFTP_and_Archive_PRF_PORT,15824366,PRF_REP_DAILY,,15101006
15824378,PRF_REP_DAILY,15824367,PRF_REP_DAILY,,15824366
15101435,TRN_CAP_PAY,15101105,TRN_CAP_PAY,,15101103
15824380,PRF_REP_MONTHLY,15824369,PRF_REP_MONTHLY,,15824368
15824381,Copy_To_SFTP_and_Archive,15824369,PRF_REP_MONTHLY,,15101006
15824382,PRF_REP_MONTHLY,15824370,PRF_REP_MONTHLY,,15824369
15101181,TRN_CASH,15100937,TRN_CASH,,15101103
15826154,FIN_REPO_RECON_DEXS,15826152,FIN_REPO_RECON_DEXS,,15826123
15826181,Copy_To_SFTP_and_Archive,15826152,FIN_REPO_RECON_DEXS,,15101006
15826227,FIN_REPO_RECON_DEXS,15826224,FIN_REPO_RECON_DEXS,,15826152
15938902,ABAT_DISABLE_ALERT,15938898,ABAT_DISABLE_ALERT_Queue_Stopped,,15938896
15938903,ABAT_ENABLE_ALERT,15938899,ABAT_ENABLE_ALERT_Queue_Stopped,,15938897
15101225,TRN_CCS_BASIS,15100983,TRN_CCS_BASIS,,15101103
15963281,STREPO_DEXS,15963278,STREPO_DEXS,,15963277
15963282,Copy_To_SFTP_and_Archive,15963278,STREPO_DEXS,,15101006
15963283,STREPO_DEXS,15963279,STREPO_DEXS_DO,,15963278
15101227,TRN_CCS_FI_FI,15100985,TRN_CCS_FI_FI,,15101103
16007969,DIV_TXN_TD,16007966,DIV_TXN_TD,,16007965
16007970,Copy_To_SFTP_And_Archive,16007966,DIV_TXN_TD,,15101006
16007971,DIV_TXN_TD,16007967,DIV_TXN_TD,,16007966
16013614,Copy_To_SFTP_and_Archive,16013611,ADHOC_PRF_REP,,15101006
16013615,ADHOC_PRF_REP,16013612,ADHOC_PRF_REP,,16013611
16086040,Copy_To_SFTP_and_Archive_Setup_Bank,15104888,AR_MTHLY,/SimCorp Dimension/BreakFix/Plans/Extracts_And_Reporting/AR_MTHLY,15101006
16086042,Copy_To_SFTP_and_Archive_Setup_Custody,15104888,AR_MTHLY,/SimCorp Dimension/BreakFix/Plans/Extracts_And_Reporting/AR_MTHLY,15101006
16086051,Copy_To_SFTP_and_Archive_Setup_Model_Port,15104888,AR_MTHLY,/SimCorp Dimension/BreakFix/Plans/Extracts_And_Reporting/AR_MTHLY,15101006
16086056,Copy_To_SFTP_and_Archive_Setup_Port,15104888,AR_MTHLY,/SimCorp Dimension/BreakFix/Plans/Extracts_And_Reporting/AR_MTHLY,15101006
16086066,Copy_To_SFTP_and_Archive_Setup_Port_Group,15104888,AR_MTHLY,/SimCorp Dimension/BreakFix/Plans/Extracts_And_Reporting/AR_MTHLY,15101006
16086077,Copy_To_SFTP_and_Archive_Setup_Fund,15104888,AR_MTHLY,/SimCorp Dimension/BreakFix/Plans/Extracts_And_Reporting/AR_MTHLY,15101006
16096727,CREATE_ARCHIVE_FOLDER,16096725,CREATE_ARCHIVE_FOLDER,,16096724
15101226,TRN_CCS_FI_FL,15100984,TRN_CCS_FI_FL,,15101103
16174110,TRN_EXT,16174108,TRN_EXT,/SimCorp Dimension/BreakFix/Plans/Extracts_And_Reporting/TRN_EXT,16174092
16174112,Copy_To_SFTP_and_Archive,16174108,TRN_EXT,/SimCorp Dimension/BreakFix/Plans/Extracts_And_Reporting/TRN_EXT,15101006
16174117,TRN_EXT,16174115,TRN_EXT,,16174108
16724116,TRN_CDS,16724113,TRN_CDS,,15101103
16318718,DM_EXT_DIV_TRXNS,16318715,DM_EXT_DIV_TRXNS,,16318714
16318720,Copy_To_SFTP_And_Archive,16318715,DM_EXT_DIV_TRXNS,,15101006
16318721,DM_EXT_DIV_TRXNS,16318716,DM_EXT_DIV_TRXNS,,16318715
15101229,TRN_CDSOPT,15100987,TRN_CDSOPT,,15101103
16410064,TRN_EXT_CO,16410062,TRN_EXT_CO,,16410061
16410065,Copy_To_SFTP_And_Archive,16410062,TRN_EXT_CO,,15101006
16449613,PRF_REP_DAILY,16449598,PRF_REP_DAILY,,15824366
16463123,Copy_To_SFTP_and_Archive,16463111,MOVE_FILE_MANUAL_JOB,,15101006
16463200,MOVE_FILE_MANUAL_JOB,16463193,MOVE_FILE_MANUAL_JOB,,16463111
15101232,TRN_DIV_CAP_EVENT,15100990,TRN_DIV_CAP_EVENT,,15101103
16529657,FLS_POS_HOLDINGS,16529648,FLS_POS_HOLDINGS,,16529647
16529658,Copy_To_SFTP_And_Archive,16529648,FLS_POS_HOLDINGS,,15101006
16529659,FLS_POS_HOLDINGS,16529649,FLS_POS_HOLDINGS,,16529648
24512595,TRN_DIV_SWAP,24512592,TRN_DIV_SWAP,,15101103
16529661,FRR_MAT_ALERT,16529651,FRR_MAT_ALERT,,16529650
16529662,Copy_To_SFTP_And_Archive,16529651,FRR_MAT_ALERT,,15101006
16174103,TRN_EXT,16174092,TRN_EXT,,15101103
16679466,VAL_EOD_ADMIN,16679464,VAL_EOD_ADMIN,,16657222
16679538,Copy_To_SFTP_and_Archive,16679464,VAL_EOD_ADMIN,,15101006
16697172,VAL_EOD_ADMIN,16697170,VAL_EOD_ADMIN,,16679464
16743853,BCI_Copy_To_Archive_And_Move,16743690,SCD_SUPPORT_VAL_EOD_ADMIN,,15104455
16743891,BCI_Move_From_FTP_To_Local,16743690,SCD_SUPPORT_VAL_EOD_ADMIN,,15104478
16911391,DIV_TXN_TD,16911369,DIV_TXN_TD,,16007966
15101177,TRN_EXT_CL_TRD,15100933,TRN_EXT_CL_TRD,,15101103
16410063,TRN_EXT_CO,16410061,TRN_EXT_CO,,15101103
16979941,DWHREC_GLHOLDNG,16979934,ADHOC_DWHREC_GLHOLDNG,,15101080
16979946,DWHREC_IBOR_POS,16979935,ADHOC_DWHREC_IBOR_POS,,15101081
16979947,DWHREC_IBOR_SETT,16979936,ADHOC_DWHREC_IBOR_SETT,,15101082
16985789,DWHREC_ABOR_POS,16979928,ADHOC_DWHREC_ABOR_POS,,15101083
16986597,Delete_From_Direct_After_Processing_DWH_FILE,16986591,ADHOC_DWHREC_FUND_DCMP,,15101005
16986598,Direct_Archive_SCD_FILE,16986591,ADHOC_DWHREC_FUND_DCMP,,15101011
16986599,Delete_From_Direct_After_Processing_SCD_FILE,16986591,ADHOC_DWHREC_FUND_DCMP,,15101005
16986634,ADHOC_DWHRC_FUND_DCP,16986591,ADHOC_DWHREC_FUND_DCMP,,16979931
16986638,ADHOC_DWHREC_FUND_DCMP,16979933,ADHOC_DWHREC_FUND_DCMP,,16986591
16986646,Direct_Archive_SCD_FILE,16986640,ADHOC_DWHREC_ABOR_POS,,15101011
16986647,Delete_From_Direct_After_Processing_DWH_FILE,16986640,ADHOC_DWHREC_ABOR_POS,,15101005
16986648,Delete_From_Direct_After_Processing_SCD_FILE,16986640,ADHOC_DWHREC_ABOR_POS,,15101005
16986689,ADHOC_DWHRC_ABOR_POS,16986640,ADHOC_DWHREC_ABOR_POS,/SimCorp Dimension/BreakFix/Plans/Adhoc/DWHREC_ABOR_POS,16979929
17002814,Copy_To_SFTP_And_Archive_POS,16529648,FLS_POS_HOLDINGS,,15101006
17002815,Copy_To_SFTP_And_Archive_Txns,16529648,FLS_POS_HOLDINGS,,15101006
30973336,TRN_EXT_RECON,30973335,TRN_EXT_RECON,/SimCorp Dimension/BreakFix/Jobs/TRN_CASH_Copy1,15101103
17036923,SA_CASH_MGMT_IO,17036919,SA_CASH_MGMT_IO,,17036918
17036924,SA_CASH_MGMT_IO,17036920,SA_CASH_MGMT_IO,,17036919
17036925,Copy_To_SFTP_And_Archive,17036919,SA_CASH_MGMT_IO,,15101006
17321419,Rotate_SCD,15101121,BCI_Callout_Rotation,/SimCorp Dimension/BreakFix/Plans/Callout/BCI_Callout_Rotation,17321259
17428643,DM_FX_RATE_UPDT,17428640,DM_FX_RATE_UPDT,,17428637
17428644,WAIT_MARKET_FX_RATES,17428640,DM_FX_RATE_UPDT,,15104746
15101196,TRN_FUT,15100953,TRN_FUT,,15101103
17573391,SA_DWH_REC_STATS,17573385,SA_DWH_REC_STATS,,17573320
17573446,Copy_To_SFTP_and_Archive,17573385,SA_DWH_REC_STATS,,15101006
17833279,RECON_NT_POS_IAB,17833277,RECON_NT_POS_IAB,,15101026
15101212,TRN_FX_OPT,15100970,TRN_FX_OPT,,15101103
18531911,DM_EXT_PMRS_REP,18531908,DM_EXT_PMRS_REP,,18531907
18531912,DM_EXT_PMRS_REP,18531909,DM_EXT_PMRS_REP,,18531908
18531913,Copy_To_SFTP_and_Archive,18531908,DM_EXT_PMRS_REP,,15101006
18953983,BCI_FTP_To_Integration,18953974,EXTMGR_COPY_TO_PROCESS,,15104819
18953984,BCI_Move_File_Generic,18953974,EXTMGR_COPY_TO_PROCESS,,18953970
18953985,EXTMGR_COPY_TO_PROCESS,18953975,EXTMGR_COPR_TO_PROCESS_TRIGGER,,18953974
18953986,BCI_Copy_File_Generic,18953974,EXTMGR_COPY_TO_PROCESS,,18953973
19713673,SO_GEN_REC_STATS_EXT,19713592,SO_GEN_REC_STATS_EXT,,19712699
19731368,RE_DWH_PFC_1,19731356,RE_DWH_PFC_1,,19731350
19731369,RE_DWH_PFC_2,19731357,RE_DWH_PFC_2,,19731351
19731370,RE_DWH_FUND_CLEANUP,19731359,RE_DWH_FUND_CLEANUP,,19731353
19731371,RE_DWH_POS_CLEANUP,19731360,RE_DWH_POS_CLEANUP,,19731354
19731372,RE_DWH_LOAD_PLAN,19731358,RE_DWH_LOAD_PLAN,,19731352
19731373,RE_DWH_FUND_CLEANUP,19731361,RE_DWH_LOAD,,19731353
19731374,RE_DWH_LOAD_PLAN,19731361,RE_DWH_LOAD,,19731352
19731375,RE_DWH_PFC_1,19731361,RE_DWH_LOAD,,19731350
19731376,RE_DWH_PFC_2,19731361,RE_DWH_LOAD,,19731351
19731377,RE_DWH_POS_CLEANUP,19731361,RE_DWH_LOAD,,19731354
15101213,TRN_IRS_BASIS,15100971,TRN_IRS_BASIS,,15101103
19906231,PRF_IRR_CALC,19906228,PRF_IRR_CALC,,19906227
19906232,Copy_To_SFTP_And_Archive_IPD,19906228,PRF_IRR_CALC,,15101006
19906233,Copy_To_SFTP_And_Archive_IRR,19906228,PRF_IRR_CALC,,15101006
15101214,TRN_IRS_FI_FL,15100972,TRN_IRS_FI_FL,,15101103
19908189,REF_DATA_IAB,19908186,REF_DATA_IAB,,19908185
19908191,REF_DATA_IAB,19908187,REF_IAB_DATA,,19908186
19908192,Copy_To_SFTP_And_Archive_Ref_Port,19908186,REF_DATA_IAB,,15101006
19961161,DM_REF_FUNDDEFN_DATA,19961154,DM_REF_FUNDDEFN_DATA,,17210535
19961162,DM_REF_PORTF_DATA,19961155,DM_REF_PORTF_DATA,,17191212
19961163,DM_REF_SMF,19961156,DM_REF_SMF,,15100932
19961164,Copy_To_Archive_And_FTP_To_SCD,19961153,GET_MP,,15101008
19961165,DM_REF_MP,19961157,DM_REF_MP,,17210532
19961166,Copy_To_Direct_and_Archive,19961157,DM_REF_MP,,15101004
19961167,Copy_To_Direct_and_Archive,19961154,DM_REF_FUNDDEFN_DATA,,15101004
19961168,Copy_To_Direct_and_Archive,19961155,DM_REF_PORTF_DATA,,15101004
19961169,Delete_From_Direct_After_Processing,19961154,DM_REF_FUNDDEFN_DATA,,15101005
19961170,Delete_From_Direct_After_Processing,19961155,DM_REF_PORTF_DATA,,15101005
19961171,Delete_From_Direct_After_Processing,19961157,DM_REF_MP,,15101005
19961172,DM_REF_MP,19961158,DM_REF_MP_TRIGGERED,,19961157
19963089,Copy_To_Archive_And_FTP_To_SCD,19963086,GET_REF_PORTF_DATA,,15101008
19963122,Copy_To_Archive_And_FTP_To_SCD,19963119,GET_REF_PORTFOLIO_PERF_DATES,,15101008
19963402,GET_MODEL_PORTFOLIOS,19963381,GET_DM_REF_MP,,19961153
19963403,DM_REF_PORTF_DATA,19963382,DM_REF_PORTF_DATA_TRIGGERED,,19961155
19963404,DM_REF_FUNDDEFN_DATA,19963383,DM_REF_FUNDDEFN_DATA_TRIGGERED,,19961154
19963405,Copy_To_Archive_And_FTP_To_SCD,19963384,GET_FUNDDEFN,,15101008
19963406,Copy_To_Archive_And_FTP_To_SCD,19963385,GET_PORTFDATA,,15101008
19963407,Copy_To_Archive_And_FTP_To_SCD,19963386,GET_PORTFOLIO_PERF_DATES,,15101008
19963408,Copy_To_Archive_And_FTP_To_SCD,19963387,GET_SMF_FUND_CERTS_INTERNAL,,15101008
19963409,GET_FUNDDEFN,19963388,GET_DM_REF_FUNDDEFN,,19963384
19963410,GET_SMF_FUND_CERTS_INTERNAL,19963389,GET_SMF_FUND_CERTS_INTERNAL,,19963387
19963411,GET_PORTFDATA,19963391,GET_PORTFDATA,,19963385
19963412,GET_PORTFOLIO_PERF_DATES,19963390,GET_PORTFOLIO_PERF_DATES,,19963386
19966756,Copy_To_Direct_and_Archive,19966712,MOVE_PORTFOLIO_PERF_DATES_TO_DIRECT,,15101004
19966969,MOVE_PORTFOLIO_PERF_DATES_TO_DIRECT,19966964,MOVE_PORTFOLIO_PERF_DATES_TO_DIRECT,,19966712
20189001,AUDIT_ACTIVE_USERS,20188998,AUDIT_ACTIVE_USERS,,20188857
20193326,Copy_To_SFTP_And_Archive_Ref_Bank,19908186,REF_DATA_IAB,,15101006
20193327,Copy_To_SFTP_And_Archive_Fund_Cert,19908186,REF_DATA_IAB,,15101006
20193328,Copy_To_SFTP_And_Archive_Fund_Def,19908186,REF_DATA_IAB,,15101006
20193329,Copy_To_SFTP_And_Archive_Dyn_Bank,19908186,REF_DATA_IAB,,15101006
20193330,Copy_To_SFTP_And_Archive_Model_Port,19908186,REF_DATA_IAB,,15101006
15101217,TRN_IRS_OIS_FI,15100975,TRN_IRS_OIS_FI,,15101103
20275576,FUTURES_TRANS_RISK,20275574,FUTURES_TRANS_RISK,/SimCorp Dimension/BreakFix/Plans/Extracts_And_Reporting/FUTURES_TRANS_RISK,20275478
20275735,FUTURES_TRANS_RISK,20275724,FUTURES_TRANS_RISK,,20275574
20405901,PERF_DAILY_CLIENT_1,20405626,PERF_DAILY_CLIENT_PARALLEL,,20404069
20405908,PERF_DAILY_CLIENT_2,20405626,PERF_DAILY_CLIENT_PARALLEL,,20404083
20405915,PERF_DAILY_FUND_1,20405639,PERF_DAILY_FUND_PARALLEL,,20404108
20405920,PERF_DAILY_FUND_3,20405639,PERF_DAILY_FUND_PARALLEL,,20404150
20406055,PERF_DAILY_CLIENT_3,20405626,PERF_DAILY_CLIENT_PARALLEL,,20404097
20406057,PERF_DAILY_FUND_2,20405639,PERF_DAILY_FUND_PARALLEL,,20404141
21085485,EXTMGR_COPY_TO_PROCESS,21085478,EXTMGR_COPY_TO_PROCESS_TRIGGER,,18953974
22025696,Copy_To_SFTP_and_Archive_PRF_STARTSTOP,15824366,PRF_REP_DAILY,,15101006
22025697,Copy_To_SFTP_and_Archive_NAV_PERF_RESULTS_CAD,15824366,PRF_REP_DAILY,,15101006
22025698,Copy_To_SFTP_and_Archive_NAV_PERF_RESULTS_USD,15824366,PRF_REP_DAILY,,15101006
22026026,Move_To_Folder_PRF_CFT_CHECK,15824366,PRF_REP_DAILY,,18287133
15101218,TRN_IRS_OIS_FL,15100976,TRN_IRS_OIS_FL,,15101103
22454886,DM_EXT_POS_FI,22454881,DM_EXT_POS_FI,,22454842
22454888,Copy_To_SFTP_and_Archive,22454881,DM_EXT_POS_FI,,15101006
22455125,DM_EXT_POS_FI,22455085,DM_EXT_POS_FI,,22454881
22517225,PRF_CFT_EMAIL,22517220,PRF_CFT_EMAIL,,22517221
22517226,BCI_Move_To_Archive,22517221,PRF_CFT_EMAIL,,15104481
23156216,ZIP_AND_DELETE_FOLDER_FTP_IO,23156213,ZIP_AND_DELETE_FTP_FOLDERS,,23156212
23156217,ZIP_AND_DELETE_FOLDER_FTP_CASH,23156213,ZIP_AND_DELETE_FTP_FOLDERS,,23156212
23156218,ZIP_AND_DELETE_FOLDER_FTP_FINANCE,23156213,ZIP_AND_DELETE_FTP_FOLDERS,,23156212
23156219,ZIP_AND_DELETE_FOLDER_FTP_FX_HEDGING,23156213,ZIP_AND_DELETE_FTP_FOLDERS,,23156212
23156220,ZIP_AND_DELETE_FOLDER_FTP_IRR,23156213,ZIP_AND_DELETE_FTP_FOLDERS,,23156212
23156221,ZIP_AND_DELETE_FOLDER_FTP_PERFORMANCE,23156213,ZIP_AND_DELETE_FTP_FOLDERS,,23156212
23156222,ZIP_AND_DELETE_FOLDER_FTP_PUB_MKTS,23156213,ZIP_AND_DELETE_FTP_FOLDERS,,23156212
23156223,ZIP_AND_DELETE_FOLDER_FTP_REPORTS,23156213,ZIP_AND_DELETE_FTP_FOLDERS,,23156212
23156224,ZIP_AND_DELETE_FOLDER_FTP_SYS_OPS,23156213,ZIP_AND_DELETE_FTP_FOLDERS,,23156212
23156225,ZIP_AND_DELETE_FTP_FOLDERS,23156214,ZIP_AND_DELETE_FTP_FOLDERS,,23156213
23411270,Copy_To_SFTP_and_Archive_PERF_BACKDATE,15824366,PRF_REP_DAILY,/SimCorp Dimension/BreakFix/Plans/Performance/PRF_REP_DAILY,15101006
23411272,Copy_To_SFTP_and_Archive_PERF_CL_VS_NAV,15824366,PRF_REP_DAILY,/SimCorp Dimension/BreakFix/Plans/Performance/PRF_REP_DAILY,15101006
23411274,Copy_To_SFTP_and_Archive_PERF_MP_CHECK,15824366,PRF_REP_DAILY,/SimCorp Dimension/BreakFix/Plans/Performance/PRF_REP_DAILY,15101006
23940964,Begin_Maintenance_Mode,23940960,SUSPEND_SERVICE_PLATFORM,,23940959
23940965,Suspend_Service_Platform,23940960,SUSPEND_SERVICE_PLATFORM,,23940959
23940966,Disable_Automation,23940960,SUSPEND_SERVICE_PLATFORM,,23940959
23940967,Enable_Automation,23940961,ENABLE_SERVICE_PLATFORM,,23940959
23940968,End_Maintenace_Mode,23940961,ENABLE_SERVICE_PLATFORM,,23940959
23940969,ENABLE_SERVICE_PLATFORM,23940963,ENABLE_SERVICE_PLATFORM,,23940961
23940970,SUSPEND_SERVICE_PLATFORM,23940962,SUSPEND_SERVICE_PLATFORM,,23940960
25333508,Check_File_Age,25333503,CHECK_FILE_AGE,,15622459
29611552,TRN_LF_EVENTS,29611546,TRN_LF_EVENTS,,15101103
25361084,DM_EXT_WHT_DEDUC,25361079,DM_EXT_WHT_DEDUC,,25361078
25361085,Copy_To_SFTP_and_Archive,25361079,DM_EXT_WHT_DEDUC,,15101006
29611556,TRN_LF_PAYDOWNS,29611549,TRN_LF_PAYDOWNS,,15101103
25439613,DM_EXT_TRN_CASH_OPS,25439607,DM_EXT_TRN_CASH_OPS,,25439452
25439618,DM_EXT_TRN_CASH_OPS,25439616,DM_EXT_TRN_CASH_OPS,,25439607
15101439,TRN_LN_FAC_DWN,15101109,TRN_LN_FAC_DWN,,15101103
26186112,IO_AI_UNFUND_COMMIT,26186110,IO_AI_UNFUND_COMMIT,,26186011
26186116,IO_AI_UNFUND_COMMIT,26186114,IO_AI_UNFUND_COMMIT,,26186110
27108448,Copy_To_SFTP_and_Archive_PRF_MEAS_ERROR_LOGS,15824366,PRF_REP_DAILY,/SimCorp Dimension/BreakFix/Plans/Performance/PRF_REP_DAILY,15101006
27128490,Copy_To_SFTP_and_Archive,20275574,FUTURES_TRANS_RISK,,15101006
15101220,TRN_LN_FAC_FEE,15100978,TRN_LN_FAC_FEE,,15101103
15101440,TRN_LN_FAC_ROL,15101110,TRN_LN_FAC_ROL,,15101103
27255440,Copy_To_SFTP_and_Archive,27255435,IPD_PRFCLC_EXT,,15101006
27255441,Copy_To_SFTP_and_Archive,27255434,IPD_TRN_EXT,,15101006
27255442,IPD_PRFCLC_EXT,27255435,IPD_PRFCLC_EXT,,27255433
27255443,IPD_TRN_EXT,27255434,IPD_TRN_EXT,,27255432
27255444,IPD_PRFCLC_EXT,27255436,IPD_PRFCLC_EXT,,27255435
27255445,IPD_TRN_EXT,27255437,IPD_TRN_EXT,,27255434
27771504,PERF_EXTRACT_UPD,27771489,PERF_EXTRACT_UPD,,15101088
15101223,TRN_LN_FAC_SET,15100981,TRN_LN_FAC_SET,,15101103
28162759,DM_MDV_AUDIT_EXPORT,28162757,DM_MDV_AUDIT_EXPORT,,28162554
28162764,DM_MDV_AUDIT_EXPORT,28162761,DM_MDV_AUDIT_EXPORT,,28162757
28163627,Copy_To_SFTP_and_Archive,28162757,DM_MDV_AUDIT_EXPORT,,15101006
15101221,TRN_LN_FAC_TRD,15100979,TRN_LN_FAC_TRD,,15101103
28312514,DM_EXT_POS_EDM,28312512,DM_EXT_POS_EDM,,28312511
28312515,Copy_To_SFTP_and_Archive,28312512,DM_EXT_POS_EDM,,15101006
15101222,TRN_LN_FAC_TRD_CANC,15100980,TRN_LN_FAC_TRD_CANC,,15101103
28439906,SO_V_BUS_DATA,28439903,SO_V_BUS_DATA,,28439904
28439907,SO_V_BUS_DATA,28439902,SO_V_BUS_DATA,,28439903
28441015,RE_DWH_PFC_1,28441012,RE_DWH_LOAD_ADHOC,,19731350
28441016,RE_DWH_PFC_2,28441012,RE_DWH_LOAD_ADHOC,,19731351
28441017,RE_DWH_POS_CLEANUP,28441012,RE_DWH_LOAD_ADHOC,,19731354
28441018,RE_DWH_FUND_CLEANUP,28441012,RE_DWH_LOAD_ADHOC,,19731353
28441019,RE_DWH_LOAD_PLAN,28441012,RE_DWH_LOAD_ADHOC,,19731352
28545389,RECON_INT_UNIT_1,28545310,ADHOC_RECON_INT_UNIT_1,,15101022
15101215,TRN_OTC_OPT,15100973,TRN_OTC_OPT,,15101103
28730792,DM_EXT_PROJ_DIV,28730787,DM_EXT_PROJ_DIV,,28730699
28730807,Copy_To_SFTP_and_Archive,28730787,DM_EXT_PROJ_DIV,,15101006
28744657,DM_EXT_PROJ_DIV,28730969,DM_EXT_PROJ_DIV,,28730787
28863678,ExecuteDWHLinage,28863674,DWH_LINEAGE_EXE,,28863673
28863679,DWH_LINEAGE_EXE,28863675,DWH_LINEAGE,,28863674
28863680,DWH_LINEAGE,28863676,DWH_LINEAGE,,28863675
15101436,TRN_PDWN_LN_FAC,15101106,TRN_PDWN_LN_FAC,,15101103
28863682,DWH_LINEAGE,28863675,DWH_LINEAGE,,28863677
29212851,RECON_NT_WTAX,29212848,RECON_NT_WTAX_TRIGGERED,,15101029
15101235,TRN_PMT_REC_AUXSTAT,15100993,TRN_PMT_REC_AUXSTAT_20200302,,15101103
15105113,TRN_PMT_REC_AUXSTAT,15104826,TRN_PMT_REC_AUXSTAT,,15101103
29349624,PRF_REP_DAILY_1,29349612,PERF_REP_DAILY_1,,29349614
29349625,PRF_REP_DAILY_2,29349613,PERF_REP_DAILY_2,,29349615
29349626,Copy_To_SFTP_and_Archive_NAV_PERF_RESULTS_CAD,29349612,PERF_REP_DAILY_1,,15101006
29349627,Copy_To_SFTP_and_Archive_NAV_PERF_RESULTS_USD,29349612,PERF_REP_DAILY_1,,15101006
29349628,Copy_To_SFTP_and_Archive_PERF_BACKDATE,29349612,PERF_REP_DAILY_1,,15101006
29349629,Copy_To_SFTP_and_Archive_PERF_CL_VS_NAV,29349613,PERF_REP_DAILY_2,,15101006
29349630,Copy_To_SFTP_and_Archive_PERF_MP_CHECK,29349612,PERF_REP_DAILY_1,,15101006
29349631,Copy_To_SFTP_and_Archive_PRF_CALC,29349612,PERF_REP_DAILY_1,,15101006
29349632,Copy_To_SFTP_and_Archive_PRF_CFT_CHECK,29349612,PERF_REP_DAILY_1,,15101006
29349633,Copy_To_SFTP_and_Archive_PRF_DAILY_EXCHANGE,29349612,PERF_REP_DAILY_1,,15101006
29349634,Copy_To_SFTP_and_Archive_PRF_INDX,29349612,PERF_REP_DAILY_1,,15101006
29349635,Copy_To_SFTP_and_Archive_PRF_MEAS_ERROR_LOGS,29349613,PERF_REP_DAILY_2,,15101006
29349636,Copy_To_SFTP_and_Archive_PRF_PORT,29349612,PERF_REP_DAILY_1,,15101006
29349637,Copy_To_SFTP_and_Archive_PRF_REP_C,29349612,PERF_REP_DAILY_1,,15101006
29349638,Copy_To_SFTP_and_Archive_PRF_STARTSTOP,29349612,PERF_REP_DAILY_1,,15101006
29349639,Copy_To_SFTP_and_Archive_PRF_REP,29349613,PERF_REP_DAILY_2,,15101006
29349640,Copy_To_SFTP_and_Archive_PRF_MEAS_ERROR_LOGS,29349612,PERF_REP_DAILY_1,,15101006
15101210,TRN_REPO,15100968,TRN_REPO,,15101103
29596462,ADHOC_PERF_TFA_MTD_0430,29596338,ADHOC_PERF_TFA_MTD,/SimCorp Dimension/BreakFix/Plans/Performance/ADHOC_PERF_TFA_MTD,29596109
29596490,ADHOC_PERF_TFA_MTD,29596468,ADHOC_PERF_TFA_MTD,/SimCorp Dimension/BreakFix/Adhoc_Plans/Performance/ADHOC_PERF_TFA_MTD,29596338
29597385,ADHOC_PERF_TFA_MTD_0531,29596338,ADHOC_PERF_TFA_MTD,,29596109
29597408,ADHOC_PERF_TFA_MTD_0630,29596338,ADHOC_PERF_TFA_MTD,,29596109
29597421,ADHOC_PERF_TFA_MTD_0731,29596338,ADHOC_PERF_TFA_MTD,/SimCorp Dimension/BreakFix/Plans/Performance/ADHOC_PERF_TFA_MTD,29596109
29597520,ADHOC_PERF_TFA_MTD_0831,29596338,ADHOC_PERF_TFA_MTD,/SimCorp Dimension/BreakFix/Plans/Performance/ADHOC_PERF_TFA_MTD,29596109
29597557,ADHOC_PERF_TFA_MTD_0930,29596338,ADHOC_PERF_TFA_MTD,/SimCorp Dimension/BreakFix/Plans/Performance/ADHOC_PERF_TFA_MTD,29596109
29597595,ADHOC_PERF_TFA_MTD_1031,29596338,ADHOC_PERF_TFA_MTD,/SimCorp Dimension/BreakFix/Plans/Performance/ADHOC_PERF_TFA_MTD,29596109
29597629,ADHOC_PERF_TFA_MTD_1130,29596338,ADHOC_PERF_TFA_MTD,/SimCorp Dimension/BreakFix/Plans/Performance/ADHOC_PERF_TFA_MTD,29596109
29597672,ADHOC_PERF_TFA_MTD_1231,29596338,ADHOC_PERF_TFA_MTD,/SimCorp Dimension/BreakFix/Plans/Performance/ADHOC_PERF_TFA_MTD,29596109
29597706,ADHOC_PERF_TFA_MTD_0131,29596338,ADHOC_PERF_TFA_MTD,/SimCorp Dimension/BreakFix/Plans/Performance/ADHOC_PERF_TFA_MTD,29596109
29597741,ADHOC_PERF_TFA_MTD_0228,29596338,ADHOC_PERF_TFA_MTD,/SimCorp Dimension/BreakFix/Plans/Performance/ADHOC_PERF_TFA_MTD,29596109
29597785,ADHOC_PERF_TFA_MTD_0331,29596338,ADHOC_PERF_TFA_MTD,/SimCorp Dimension/BreakFix/Plans/Performance/ADHOC_PERF_TFA_MTD,29596109
15101211,TRN_SBB_O,15100969,TRN_SBB_O,,15101103
29611553,TRN_LF_EVENTS,29611547,TRN_LF_EVENTS,,29611546
15101228,TRN_SWAPTION,15100986,TRN_SWAPTION,,15101103
29611557,TRN_LF_PAYDOWNS,29611550,TRN_LF_PAYDOWNS,,29611549
29611558,Copy_To_Direct_and_Archive,29611550,TRN_LF_PAYDOWNS,,15101004
29611559,Delete_From_Direct_After_Processing,29611550,TRN_LF_PAYDOWNS,,15101005
29611560,TRN_LF_PAYDOWNS,29611551,TRN_LF_PAYDOWNS,,29611550
29611561,Check_BatchJob_Log,29611549,TRN_LF_PAYDOWNS,,15104861
29611562,TRN_LF_EVENTS,29611548,TRN_LF_EVENTS,,29611547
29638137,Copy_To_Direct_and_Archive_EVENTS,29611547,TRN_LF_EVENTS,,15101004
29638138,Delete_From_Direct_After_Processing_EVENTS,29611547,TRN_LF_EVENTS,,15101005
29638139,Delete_From_Direct_After_Processing_CONTRACTS,29611547,TRN_LF_EVENTS,,15101005
29638140,Copy_To_Direct_and_Archive_No_Trigger_CONTRACTS,29611547,TRN_LF_EVENTS,,29638130
29829343,Copy_To_SFTP_and_Archive_IO_LFCONTRACTS,15104898,REF_SMF_LFCONTRACTS,,15101006
29829503,REF_SMF_LFCONTRACTS,29829502,REF_SMF_LFCONTRACTS,,15104898
30213552,Copy_To_SFTP_and_Archive_PRICE_EXT_EOM_PM,18531908,DM_EXT_PMRS_REP,/SimCorp Dimension/BreakFix/Plans/Extracts_And_Reporting/DM_EXT_PMRS_REP,15101006
15101216,TRN_TRS,15100974,TRN_TRS,,15101103
30555122,DM_EXT_ABOR_DH_PR,30555082,DM_EXT_ABOR_DH_PR,,30555078
30670123,DM_EXT_ABOR_DH_PR,30555134,LDOM_DM_EXT_ABOR_DH_PR,,30555082
31795849,PERF_WEEKLY_CLIENT_1,31795797,PERF_WEEKLY_1,,31794793
31795851,PERF_WEEKLY_FUND_1,31795797,PERF_WEEKLY_1,,31794848
31801122,PERF_WEEKLY_1,31801101,SCD_PERF_WEEKLY_1,,31795797
15101230,TRN_VAR_SWAP,15100988,TRN_VAR_SWAP,,15101103
31910897,DM_EXT_ABOR_DH_CHK,31910895,DM_EXT_ABOR_DH_CHK,,31910614
31911004,DM_EXT_ABOR_DH_CHK,31910899,DM_EXT_ABOR_DH_CHK,,31910895
32123411,PERF_DAILY_CLIENT_2,32123405,PERF_DAILY_2,,20404083
32123412,PERF_DAILY_CLIENT_3,32123406,PERF_DAILY_3,,20404097
32123413,PERF_DAILY_FUND_2,32123405,PERF_DAILY_2,,20404141
32123414,PERF_DAILY_FUND_3,32123406,PERF_DAILY_3,,20404150
15101231,TRN_VOL_SWAP,15100989,TRN_VOL_SWAP,,15101103
32339847,SO_CBU_CLEANUP,32339844,SO_CBU_CLEANUP,,32339843
32339848,SO_CBU_CLEANUP,32339845,SO_CBU_CLEANUP,,32339844
16658896,VAL_EOD_ADMIN,16657222,VAL_EOD_ADMIN,/SimCorp Dimension/BreakFix/Jobs/VAL_EOD_ADMIN,15101103
32366147,DM_EXT_TRN_IO_LF,32366144,DM_EXT_TRN_IO_LF,,32366143
32366148,Copy_To_SFTP_And_Archive,32366144,DM_EXT_TRN_IO_LF,,15101006
32366150,DM_EXT_TRN_IO_LF,32366145,DM_EXT_TRN_IO_LF,,32366144
15105228,FX_HEDGE_EXTRACT,15105121,FX_HEDGE_EXTRACT_IRR,,15104878
15105229,EXTRACT_FX_HEDGES,15105123,FX_HEDGE_EXTRACT_CASH_OPS,,15104878
15105230,ADHOC_PERF_DAILY_FUN,15105125,ADHOC_PERF_DAILY_FUN,,15101123
15105231,ADHOC_PERF_DAILY_CLI,15105126,ADHOC_PERF_DAILY_CLI,,15101126
15105232,ADHOC_PERF_DAILY_IDX,15105127,ADHOC_PERF_DAILY_IDX,,15101128
15105233,ADHOC_PERF_DEX_UPD,15105128,ADHOC_PERF_DEX_UPD,,15101129
15105234,ADHOC_PERF_LBF,15105129,ADHOC_PERF_LBF,,15101132
15105235,ADHOC_PERF_ME_CLIENT,15105130,ADHOC_PERF_ME_CLIENT,,15101133
15105236,ADHOC_PERF_ME_FUND,15105131,ADHOC_PERF_ME_FUND,,15101136
15105237,FX_FWD_RPT,15105122,FX_HEDGE_EXTRACT_PUBLIC_MARKET,/SimCorp Dimension/Break_Fix/Scheduled_Plans/Extracts  Reporting/FX_HEDGE_EXTRACT/FX_HEDGE_EXTRACT_PUBLIC_MARKET,15104909
15622466,Check_File_Age,15622462,CHECK_SFTP_IN_CASH,,15622460
15622651,Check_File_Age,15622519,CHECK_SFTP_IN_MARKET,,15622460
15622653,Check_File_Age,15622534,CHECK_SFTP_IN_REF_DATA,,15622460
15622659,Check_File_Age,15622554,CHECK_SFTP_IN_SMF,,15622460
15622661,Check_File_Age,15622561,CHECK_SFTP_IN_SUPERD,,15622460
15622663,Check_File_Age,15622600,CHECK_SFTP_IN_SWIFT_CA,,15622460
15622681,Check_File_Age,15622612,CHECK_SFTP_IN_SWIFT_RECON,,15622460
15622685,Check_File_Age,15622632,CHECK_SFTP_IN_TRANSACTIONS,,15622460
15756598,FX_REAL_G_L,15756628,FX_REAL_G_L_IRR,/SimCorp Dimension/BreakFix/Scheduled_Plans/Extracts  Reporting/GX_REAL_G_L,15755427
15797237,FX_REAL_G_L,15798128,FX_REAL_G_L_PUBLIC_MARKET,,15755427
15798111,FX_REAL_G_L,15798053,FX_REAL_G_L_CASH_OPS,,15755427
17578035,SA_DWH_REC_STATS,17578016,SA_DWH_REC_STATS,,17573385
20499553,SO_GEN_REC_STATS,20054663,SO_GEN_REC_STATS_TRIGGERED,,17575635
25333509,CHECK_FILE_AGE,25333506,CHECK_FILE_AGE_SFTP_MANUAL_Contract_Quotes,,25333503
25333510,CHECK_FILE_AGE,25333507,CHECK_FILE_AGE_MANUAL_Contract_Quotes,,25333503
