BreakFix/Constraint_Triggered_Plans/SCD_EOD_PROCESSING,Top-level Plan
---WAIT_SCD_RECON_NT_CASH_PMT,First Batch Job Group
------WAIT_SUPERD_PRICES,Success Completion Trigger
---------WAIT_MARKET_FX_RATES,Success Completion Trigger
------------Wait_EDM_To_SCD_Market_Prices,Success Completion Trigger
---------------WAIT_DM_REF_MKTDATA_TRIGGERED,Success Completion Trigger
------------------WAIT_MARKET_REF_RATES,Success Completion Trigger
---------------------AS_24D_CA_CR_SDTR,Success Completion Trigger
------------------------SA_EOD_PMT,Success Completion Trigger
---------------------------SA_EOD_ADMIN,Success Completion Trigger
------------------------------GL_CONTR_SURP_REBOOK,Success Completion Trigger
BreakFix/Constraint_Triggered_Plans/SCD_RECON,Top-level Plan
---WAIT_CASH_PMT_RECON_FILE,First Batch Job Group
------WAIT_POS_RECON_FILE,Success Completion Trigger
---------WAIT_SUPERD_RECON,Success Completion Trigger
------------WAIT_UNIT_2_RECON_FILE,Success Completion Trigger
---------------WAIT_SCD_DWH_LOAD,Success Completion Trigger
------------------RECON_NT_POS_IO,Success Completion Trigger
---------------------RECON_NT_POS_IAB,Success Completion Trigger
---------------------RECON_NT_POS_IAB,Failed Completion Trigger
------------------------RECON_INT_DERIV,Success Completion Trigger
------------------------RECON_INT_DERIV,Failed Completion Trigger
---------------------------RECON_INT_BNK_CB,Success Completion Trigger
---------------------------RECON_INT_BNK_CB,Failed Completion Trigger
------------------------------RECON_INT_UNIT_2,Success Completion Trigger
------------------------------RECON_INT_UNIT_2,Failed Completion Trigger
------------------------------RECON_INT_UNIT_2,Success Completion Trigger
------------------------------RECON_INT_UNIT_2,Failed Completion Trigger
---------------------------RECON_INT_BNK_CB,Success Completion Trigger
---------------------------RECON_INT_BNK_CB,Failed Completion Trigger
------------------------------RECON_INT_UNIT_2,Success Completion Trigger
------------------------------RECON_INT_UNIT_2,Failed Completion Trigger
------------------------------RECON_INT_UNIT_2,Success Completion Trigger
------------------------------RECON_INT_UNIT_2,Failed Completion Trigger
------------------------RECON_INT_DERIV,Success Completion Trigger
------------------------RECON_INT_DERIV,Failed Completion Trigger
---------------------------RECON_INT_BNK_CB,Success Completion Trigger
---------------------------RECON_INT_BNK_CB,Failed Completion Trigger
------------------------------RECON_INT_UNIT_2,Success Completion Trigger
------------------------------RECON_INT_UNIT_2,Failed Completion Trigger
------------------------------RECON_INT_UNIT_2,Success Completion Trigger
------------------------------RECON_INT_UNIT_2,Failed Completion Trigger
---------------------------RECON_INT_BNK_CB,Success Completion Trigger
---------------------------RECON_INT_BNK_CB,Failed Completion Trigger
------------------------------RECON_INT_UNIT_2,Success Completion Trigger
------------------------------RECON_INT_UNIT_2,Failed Completion Trigger
------------------------------RECON_INT_UNIT_2,Success Completion Trigger
------------------------------RECON_INT_UNIT_2,Failed Completion Trigger
BreakFix/Constraint_Triggered_Plans/SCD_PERF_DAILY,Top-level Plan
---WAIT_EDM_TO_SCD_PERFORMANCE_PRICES,First Batch Job Group
------WAIT_SCD_DWH_LOAD,Success Completion Trigger
---------WAIT_SCD_PERF_INDEX_UNIDATA,Success Completion Trigger
------------PERF_EXTRACT_UPD,Success Completion Trigger
---------------PERF_DAILY_CLIENT,Success Completion Trigger
---------------PERF_DAILY_CLIENT,Failed Completion Trigger
------------------PERF_DAILY_FUND,Success Completion Trigger
------------------PERF_DAILY_FUND,Failed Completion Trigger
---------------------PERF_DAILY_INDEX,Success Completion Trigger
---------------------PERF_DAILY_INDEX,Failed Completion Trigger
---------------------PERF_DAILY_INDEX,Success Completion Trigger
---------------------PERF_DAILY_INDEX,Failed Completion Trigger
------------------PERF_DAILY_FUND,Success Completion Trigger
------------------PERF_DAILY_FUND,Failed Completion Trigger
---------------------PERF_DAILY_INDEX,Success Completion Trigger
---------------------PERF_DAILY_INDEX,Failed Completion Trigger
---------------------PERF_DAILY_INDEX,Success Completion Trigger
---------------------PERF_DAILY_INDEX,Failed Completion Trigger
BreakFix/Constraint_Triggered_Plans/SCD_DWH_LOAD,Top-level Plan
---WAIT_SCD_RECON_NT_CASH_PMT,First Batch Job Group
------WAIT_SCD_EOD_PROCESSING,Success Completion Trigger
---------RE_DWH_LOAD,Success Completion Trigger
------------DWH_PFC_ERRORS,Success Completion Trigger
------------Message_SCD_To_EDM_SCD_DW,Success Completion Trigger
------------Message_SCD_To_Mulesoft_SCD_DW,Success Completion Trigger
BreakFix/Constraint_Triggered_Plans/SCD_SOD,Top-level Plan
---WAIT_SOD_SET_DATE,First Batch Job Group
------WAIT_DWHREC_GLHOLDING,Success Completion Trigger
---------SA_SOD_ADMIN,Success Completion Trigger
BreakFix/Constraint_Triggered_Plans/MIG_POST_VAL,Top-level Plan
---WAIT_SCD_DWH_LOAD,First Batch Job Group
------MIG_POST_VAL,Success Completion Trigger
BreakFix/Constraint_Triggered_Plans/SA_CASH_MGMT,Top-level Plan
---WAIT_SOD_SET_DATE,First Batch Job Group
------WAIT_SCD_SOD,Success Completion Trigger
---------SA_CASH_MGMT,Success Completion Trigger
------------SA_CASHFORE_ALLCCY,Success Completion Trigger
BreakFix/Constraint_Triggered_Plans/SCD_DWH_RECON,Top-level Plan
---WAIT_DWH_RECON_GLHOLDING,First Batch Job Group
------WAIT_SCD_DWH_LOAD,Success Completion Trigger
---------WAIT_DWH_ABOR_RECON_FILE,Success Completion Trigger
------------WAIT_DWH_FUND_DECOMP_RECON_FILE,Success Completion Trigger
---------------WAIT_DWH_IBOR_RECON_FILE,Success Completion Trigger
------------------WAIT_DWH_SETTLE_RECON_FILE,Success Completion Trigger
---------------------WAIT_DWH_GL_HOLDINGS_RECON_FILE,Success Completion Trigger
------------------------DWHREC_GLHOLDNG,Success Completion Trigger
---------------------------DWHREC_ABOR_POS,Success Completion Trigger
---------------------------DWHREC_ABOR_POS,Success Completion Trigger
------------------------------DWHREC_IBOR_POS,Success Completion Trigger
------------------------------DWHREC_IBOR_POS,Success Completion Trigger
---------------------------------DWHREC_IBOR_SETT,Success Completion Trigger
---------------------------------DWHREC_IBOR_SETT,Failed Completion Trigger
------------------------------------DWHREC_FUND_DCMP,Success Completion Trigger
------------------------------------DWHREC_FUND_DCMP,Success Completion Trigger
------------------------------------DWHREC_FUND_DCMP,Success Completion Trigger
------------------------------------DWHREC_FUND_DCMP,Success Completion Trigger
---------------------------------DWHREC_IBOR_SETT,Success Completion Trigger
---------------------------------DWHREC_IBOR_SETT,Failed Completion Trigger
------------------------------------DWHREC_FUND_DCMP,Success Completion Trigger
------------------------------------DWHREC_FUND_DCMP,Success Completion Trigger
------------------------------------DWHREC_FUND_DCMP,Success Completion Trigger
------------------------------------DWHREC_FUND_DCMP,Success Completion Trigger
------------------------------DWHREC_IBOR_POS,Success Completion Trigger
------------------------------DWHREC_IBOR_POS,Success Completion Trigger
---------------------------------DWHREC_IBOR_SETT,Success Completion Trigger
---------------------------------DWHREC_IBOR_SETT,Failed Completion Trigger
------------------------------------DWHREC_FUND_DCMP,Success Completion Trigger
------------------------------------DWHREC_FUND_DCMP,Success Completion Trigger
------------------------------------DWHREC_FUND_DCMP,Success Completion Trigger
------------------------------------DWHREC_FUND_DCMP,Success Completion Trigger
---------------------------------DWHREC_IBOR_SETT,Success Completion Trigger
---------------------------------DWHREC_IBOR_SETT,Failed Completion Trigger
------------------------------------DWHREC_FUND_DCMP,Success Completion Trigger
------------------------------------DWHREC_FUND_DCMP,Success Completion Trigger
------------------------------------DWHREC_FUND_DCMP,Success Completion Trigger
------------------------------------DWHREC_FUND_DCMP,Success Completion Trigger
BreakFix/Constraint_Triggered_Plans/SCD_PERF_ME,Top-level Plan
---WAIT_SCD_DWH_LOAD,First Batch Job Group
------WAIT_SCD_PERF_DAILY,Success Completion Trigger
---------PERF_ME_FUND,Success Completion Trigger
------------PERF_ME_CLIENT,Success Completion Trigger
------------PERF_ME_CLIENT,Failed Completion Trigger
BreakFix/Constraint_Triggered_Plans/SCD_PERF_DWH_LOAD,Top-level Plan
---WAIT_SCD_DWH_LOAD,First Batch Job Group
------WAIT_SCD_PERF_DAILY,Success Completion Trigger
---------WAIT_SCD_PERF_ME,Success Completion Trigger
------------RE_PERF_DWH_LOAD,Success Completion Trigger
BreakFix/Constraint_Triggered_Plans/SOD_SET_DATE,Top-level Plan
---WAIT_SCD_DWH_LOAD,First Batch Job Group
------SET_DATE,Success Completion Trigger
BreakFix/Constraint_Triggered_Plans/SCD_RECON_NT_CASH_PMT,Top-level Plan
---WAIT_SWIFT_CASH_RECON_FILE,First Batch Job Group
------SWIFT_CHECK_FOR_MT_FILES,Success Completion Trigger
---------RECON_NT_CSH_PMT,Success Completion Trigger
------------SA_PAYR_RAISE_STAT,Success Completion Trigger
---------------TRN_PMT_REC_AUXSTAT,Success Completion Trigger
BreakFix/Constraint_Triggered_Plans/SCD_EXTRACTS_POST_EOD,Top-level Plan
---WAIT_SCD_EOD_PROCESSING,First Batch Job Group
------REF_EXTRACTS,Success Completion Trigger
---------SEC_EXTRACTS,Success Completion Trigger
------------SOI_EXTRACT,Success Completion Trigger
BreakFix/Constraint_Triggered_Plans/SCD_FLS_DEX_EXTRACT,Top-level Plan
---WAIT_SCD_EOD_PROCESSING,First Batch Job Group
------SA_MOD_ADMIN,Success Completion Trigger
---------FLS_DEXS,Success Completion Trigger
------------FIN_REPO_RECON_DEXS,Success Completion Trigger
BreakFix/Constraint_Triggered_Plans/FIN_REPO_RECON_DEXS,Top-level Plan
---WAIT_SCD_EOD_PROCESSING,First Batch Job Group
------FIN_REPO_RECON_DEXS,Success Completion Trigger
BreakFix/Constraint_Triggered_Plans/PRF_REP_DAILY,Top-level Plan
---WAIT_SCD_PERF_DAILY,First Batch Job Group
------PRF_REP_DAILY,Success Completion Trigger
BreakFix/Constraint_Triggered_Plans/PRF_REP_MONTHLY,Top-level Plan
---WAIT_SCD_PERF_ME,First Batch Job Group
------PRF_REP_MONTHLY,Success Completion Trigger
BreakFix/Constraint_Triggered_Plans/SCD_DWH_RECON_GLHOLDING,Top-level Plan
---WAIT_SCD_DWH_LOAD,First Batch Job Group
------WAIT_DWH_GL_HOLDINGS_RECON_FILE,Success Completion Trigger
---------DWHREC_GLHOLDNG,Success Completion Trigger
BreakFix/Constraint_Triggered_Plans/SECURITY_DEAL_ID,Top-level Plan
---WAIT_SCD_RECON_NT_CASH_PMT,First Batch Job Group
------SECURITY_DEAL_ID,Success Completion Trigger
BreakFix/Constraint_Triggered_Plans/SCD_REPO_FLOAT_MAT_POST_SOD,Top-level Plan
---WAIT_SCD_SOD,First Batch Job Group
------WAIT_MARKET_CORRA_RATES,Success Completion Trigger
---------SA_REF_RATES_ZERO,Success Completion Trigger
------------SA_CR_REF_RATE_FIX,Alert Trigger: Job/Plan Completed
---------------REPO_FLOAT_MAT,Success Completion Trigger
BreakFix/Constraint_Triggered_Plans/SCD_FRR_MAT_ALERT,Top-level Plan
---WAIT_SCD_REPO_FLOAT_MAT_POST_SOD,First Batch Job Group
------FRR_MAT_ALERT,Success Completion Trigger
BreakFix/Constraint_Triggered_Plans/SCD_MANUAL_QUOTE,Top-level Plan
---Wait_EDM_To_SCD_Market_Prices,First Batch Job Group
------WAIT_DM_REF_MKTDATA_TRIGGERED,Success Completion Trigger
---------MANUAL_QUOTE,Success Completion Trigger
BreakFix/Constraint_Triggered_Plans/SCD_AIM_WHT_DEDUCTIONS,Top-level Plan
---WAIT_SOD_SET_DATE,First Batch Job Group
------WAIT_SCD_SOD,Success Completion Trigger
---------DM_EXT_WHT_DEDUC,Success Completion Trigger
BreakFix/Constraint_Triggered_Plans/SCD_PERF_REP_DAILY_1,Top-level Plan
---WAIT_SCD_PERF_DAILY_2,First Batch Job Group
------PERF_REP_DAILY_1,Success Completion Trigger
BreakFix/Constraint_Triggered_Plans/SCD_PERF_REP_DAILY_2,Top-level Plan
---WAIT_SCD_PERF_DAILY_2,First Batch Job Group
------PERF_REP_DAILY_2,Success Completion Trigger
------PERF_REP_DAILY_2,Success Completion Trigger
BreakFix/Constraint_Triggered_Plans/SCD_PERF_DAILY_2,Top-level Plan
---WAIT_SCD_PERF_DAILY_1,First Batch Job Group
------PERF_DAILY_2,Success Completion Trigger
BreakFix/Constraint_Triggered_Plans/SCD_PERF_DAILY_3,Top-level Plan
---WAIT_SCD_PERF_DAILY_2,First Batch Job Group
------PERF_DAILY_3,Success Completion Trigger
