ID,Action Label,Parent Name,Next Action ID
15104770,Succeeded,AS_24D_CA_CR_SDTR,16007967
15104778,FtpEventTrigger_IO_Cash_Mgmt,BCI_SYNC_SCD_TO_BCI,15104778
15104778,FtpEventTrigger_SCD_Support,BCI_SYNC_SCD_TO_BCI,15104778
15104778,FtpEventTrigger_To_EDM,BCI_SYNC_SCD_TO_BCI,15104778
15104778,FtpEventTrigger_RE_Cash_Mgmt,BCI_SYNC_SCD_TO_BCI,15104778
15104778,FtpEventTrigger_FLS,BCI_SYNC_SCD_TO_BCI,15104778
15104778,FtpEventTrigger_FX_Hedging,BCI_SYNC_SCD_TO_BCI,15104778
15104778,FtpEventTrigger_Reports,BCI_SYNC_SCD_TO_BCI,15104778
15104778,FtpEventTrigger_Finance,BCI_SYNC_SCD_TO_BCI,15104778
15104778,FtpEventTrigger_Performance,BCI_SYNC_SCD_TO_BCI,15104778
15104778,FtpEventTrigger_IO,BCI_SYNC_SCD_TO_BCI,15104778
15104778,FtpEventTrigger_Public_Markets,BCI_SYNC_SCD_TO_BCI,15104778
15104778,FtpEventTrigger_IRR,BCI_SYNC_SCD_TO_BCI,15104778
15104780,EndExecution,TM_DEPO_REPO_TRIGGERED,
15104785,EndExecution,TRN_REPO_TRIGGERED,
15104786,EndExecution,TRN_SBB_O_TRIGGERED,
15104825,EndExecution,MANUAL_QUOTE,
15101096,RunTimeOverrun,Monitor_For_Elasped_Time_Overrun_And_Page,
15101097,Canceled,Monitor_For_Failure_And_Email,
15101098,EndExecution,Monitor_For_Failure_And_Email_Test,
15101099,Canceled,CallOut_For_Failed_Job_Plan,15101118
15101099,Canceled,CallOut_For_Failed_Job_Plan,
15101100,RunTimeOverrun,CallOut_For_Elapsed_Time_Overrun,15101118
15101100,RunTimeOverrun,CallOut_For_Elapsed_Time_Overrun,
15101101,EndExecution,Alternative_Investment_Run_Notification,
15101102,ConstraintNotMet,CallOut_For_Failed_Constraint,
15101102,ConstraintNotMet,CallOut_For_Failed_Constraint,15101118
15470239,ExecutionAgentDisconnected,Callout_For_Queue_Stopped,
15470239,QueueClosed,Callout_For_Queue_Stopped,
15470239,QueueStopped,Callout_For_Queue_Stopped,
15470239,QueueStopped,Callout_For_Queue_Stopped,15101118
15533314,TriggerFailed,CallOut_For_Missed_Trigger,
25333502,Failed,CallOut_Check_For_File_Age,
15104876,Triggers.Abat.Email,PROCESS_SCD_BATCH_EMAIL_TRIGGERED,15104876
18181274,Succeeded,DM_CHECK_CORRA_RATE,15101258
15101137,Succeeded,Find_Download_Folder,15101139
15101138,Succeeded,Show_Triggered_Values_And_Set_Variables,15101137
15101139,Succeeded,Find_Application_Folder,15101140
15101140,Succeeded,Sync_Remote_To_Local,15101141
15101141,Succeeded,Move_Remote_File_To_Archive,15101142
15101143,CompletionTrigger-65472f81-9b38-4880-9aa6-15663990a7a6,Create_Archive_Folder,15101144
15101145,Succeeded,SFTP_File_To_SCD,15101143
15101147,Succeeded,Log_Parameters,15101148
15101148,CompletionTrigger-65472f81-9b38-4880-9aa6-15663990a7a6,Create_Archive_Folder,15101149
15101150,Succeeded,Log_Parameters,15101151
15101151,CompletionTrigger-65472f81-9b38-4880-9aa6-15663990a7a6,Create_Archive_Folder,15101152
15101153,CompletionTrigger-a4c2d321-a4a6-4e1e-8216-9a636fa720a6,Copy_File_To_SFTP_Archive,15101157
15101154,CompletionTrigger-6341b4ff-967e-4630-98a3-838bbe98a8b2,Create_SFTP_Archive_Folder,15101153
15101155,CompletionTrigger-293bbac8-4209-47d0-a15f-8f415837450a,Log_Parameters,15101154
15101156,CompletionTrigger-b99aefd3-6924-4d84-9c2d-7bf9b64f84f8,Show_Triggered_Values_And_Set_Variables,15101155
15101157,CompletionTrigger-65472f81-9b38-4880-9aa6-15663990a7a6,Create_Archive_Folder,15101158
15101158,CompletionTrigger-3883dee8-9348-4a80-b6f9-c7a7138cfbdb,Copy_File_To_Archive,15101159
15101161,Succeeded,Log_Parameters,15101162
15101162,CompletionTrigger-65472f81-9b38-4880-9aa6-15663990a7a6,Create_Archive_Folder,15101163
15101163,CompletionTrigger-3883dee8-9348-4a80-b6f9-c7a7138cfbdb,Copy_File_To_Archive,15101164
15101165,CompletionTrigger-a5872a58-c65f-4f36-9dd2-c56ed52e89d9,Set_Variables_SCD_FILE,15101415
15101166,CompletionTrigger-e2cf2670-2ed7-4572-b59d-fc3f8a83b02d,Set_Variables_DWH_FILE,15101416
15101167,CompletionTrigger-5727ae7b-8e41-4eba-89a5-dc08b7b73bec,Set_Variables_SCD_FILE_Again,15101417
15101168,CompletionTrigger-be5e11f3-67d8-4b6f-a0dd-918746c257b3,Set_Variables_DWH_FILE,15101400
15101169,CompletionTrigger-6e1ef6b7-0ab3-4793-a54b-85e83dea42b0,Set_Variables_SCD_FILE,15101418
15101170,CompletionTrigger-f3908f54-4a08-4626-bdac-c1b9fa703088,Set_Variables_SCD_FILE_Again,15101419
15101171,CompletionTrigger-65472f81-9b38-4880-9aa6-15663990a7a6,Create_Archive_Folder,15101172
15101173,Succeeded,SFTP_File_To_SCD,15101171
15101174,Succeeded,SFTP_File_To_SCD_Test_Env,15101173
15104457,Succeeded,Create_Archive_Folder,15104456
15104458,Succeeded,Log_Parameters,15104457
15104482,Succeeded,Log_Parameters,15104483
15104487,Succeeded,Create_Archive_Folder,15104486
15104488,Succeeded,Log_Parameters,15104487
15104943,Succeeded,Show_Incoming_EMail_Values_In_Log,15104944
15104944,Succeeded,Set_Values_For_Trigger_Variables,15104946
15104948,Succeeded,Find_Job_In_Control_File,15104949
15104955,Succeeded,Show_Triggered_Values_And_Set_Variables,15104956
15104958,Succeeded,SET_vl_EFFECTIVE_DATE,15105016
15255480,Succeeded,Update_File_Name,15105022
15255480,CompletionTrigger-3fb21c5f-835e-484f-8616-88a8fe8a81af,Update_File_Name,15105021
15255480,CompletionTrigger-acb73865-e512-422c-b9a2-ac6f63d5dbb7,Update_File_Name,15105020
15255480,CompletionTrigger-f39f77b7-e308-4e26-bc66-d02778753906,Update_File_Name,15105024
15255480,CompletionTrigger-e9f70312-bf7f-4e0f-b7f1-c10f378727c3,Update_File_Name,15105019
15255480,CompletionTrigger-fcf6c992-211a-4f05-85a3-7d67d6dfce52,Update_File_Name,15105023
15255480,CompletionTrigger-f22db544-55d9-475c-89f6-a1a4cc47f031,Update_File_Name,15105030
15255480,CompletionTrigger-68bd627c-6e9c-401e-adfb-125da092aabe,Update_File_Name,15105025
15255480,CompletionTrigger-ba3c2c89-fd02-48a8-8ad4-c340161180fc,Update_File_Name,15105026
15255480,CompletionTrigger-4111ed85-184a-4738-9dd9-2cdf1e7d1e1b,Update_File_Name,15105027
15255480,CompletionTrigger-04034e5a-e5a3-445f-ab82-5407836af4cb,Update_File_Name,15105028
15255480,CompletionTrigger-186cacd1-bd83-49d4-b3ef-6f2605237192,Update_File_Name,15105029
15255480,CompletionTrigger-7699a579-d545-4679-ad24-25cf8a262d76,Update_File_Name,15255879
15357730,Succeeded,Show_Triggered_Values_And_Set_Variables,15357524
15509389,Succeeded,Wait 2 min,15105078
15686405,EndExecution,Is_Today_A_WeekEnd,15104921
15686405,EndExecution,Is_Today_A_WeekEnd,15686408
15686504,EndExecution,Is_Today_A_Weekend,15104953
15686504,EndExecution,Is_Today_A_Weekend,15686514
15686663,EndExecution,Is_Today_A_Weekend,15686653
15686663,EndExecution,Is_Today_A_Weekend,15104960
15686714,EndExecution,Is_Today_A_Weekend,15104922
15686714,EndExecution,Is_Today_A_Weekend,15686696
15686763,EndExecution,Is_Today_A_Weekend,15104923
15686763,EndExecution,Is_Today_A_Weekend,15686761
15713882,Succeeded,Log_Parameters,15713884
15714769,Succeeded,Set_Variable_For_Archive,15714847
15716212,Succeeded,Rename_File,15714542
15717815,EndExecution,Is_Today_A_Weekend,15717800
15717815,EndExecution,Is_Today_A_Weekend,15104979
15727818,EndExecution,Is_Today_A_Weekend,15727816
15727818,EndExecution,Is_Today_A_Weekend,15104998
17039738,Succeeded,Change_Tab_To_Pipe,17039858
18287135,Succeeded,Log_Parameters,18287136
18287136,CompletionTrigger-65472f81-9b38-4880-9aa6-15663990a7a6,Create_Target_Folder,18287137
18287138,Succeeded,Show_Triggered_Values_And_Set_Variables,18287139
18412984,EndExecution,Deadlock_File_Found,18412985
18412984,EndExecution,Deadlock_File_Found,18412988
18412986,Succeeded,Send_Deadlock_Email,18412992
18412988,Succeeded,Read_File,18412986
18562839,EndExecution,Is_Today_A_Weekend,18562840
18562839,EndExecution,Is_Today_A_Weekend,15104980
18669613,CompletionTrigger-e892e6a6-24aa-4dad-9509-cb8b0b423af2,Set_Variables_SCD_File,18669164
18671310,CompletionTrigger-a3f7eae7-24df-46b1-9c42-a898472a4d9b,Set_Variables_SCD_File_Again,18671211
19905777,EndExecution,Is_Today_A_Corra_Holiday,19905775
19905777,CompletionTrigger-7734ea84-8a57-4b30-9d6f-934c0a4be034,Is_Today_A_Corra_Holiday,18181275
24391933,CompletionTrigger-611017c3-17e7-4e5e-b3f4-418515147060,Is_Today_A_Sofr_Holiday,24391934
24391933,CompletionTrigger-d0894aae-09d8-4584-bbf0-49901efb1872,Is_Today_A_Sofr_Holiday,24391939
28026871,CompletionTrigger-3c3b434c-91a9-45a5-a6c0-599561bae592,Is_Today_A_Weekend,28026832
28026871,EndExecution,Is_Today_A_Weekend,28026892
28889519,CompletionTrigger-e5a3b0ba-218d-4289-94e7-d76d26fdca57,Verify PRICE_DATE in MANUAL_STANDARD_QUOTES file,15105101
28889519,CompletionTrigger-51ea9f9e-3c16-4c87-b228-f9dcc56b25d5,Verify PRICE_DATE in MANUAL_STANDARD_QUOTES file,28890497
28890497,CompletionTrigger-7f5b886d-5d9d-48bc-bffb-17a1a03b90b1,Send_Email_Summary,15105101
29638131,CompletionTrigger-a4c2d321-a4a6-4e1e-8216-9a636fa720a6,Copy_File_To_SFTP_Archive,29638134
29638132,CompletionTrigger-6341b4ff-967e-4630-98a3-838bbe98a8b2,Create_SFTP_Archive_Folder,29638131
29638133,CompletionTrigger-293bbac8-4209-47d0-a15f-8f415837450a,Log_Parameters,29638132
29638134,CompletionTrigger-65472f81-9b38-4880-9aa6-15663990a7a6,Create_Archive_Folder,29638135
29638135,CompletionTrigger-3883dee8-9348-4a80-b6f9-c7a7138cfbdb,Copy_File_To_Archive,29638136
30143173,CompletionTrigger-66a70fdb-8af0-42bf-a7e8-8cb25f714771,Is_Today_A_Canadian_Holiday,30143176
30143173,CompletionTrigger-3003fd19-757c-4f08-a426-df03592956b3,Is_Today_A_Canadian_Holiday,30143174
15101179,Succeeded,DM_REF_MKTDATA,15101422
15101179,Failed,DM_REF_MKTDATA,15101422
15101246,CompletionTrigger-2f50a594-8f78-4fc9-a38c-8dcb0fc75a6e,Copy_To_Direct_and_Archive,15101248
15101248,Succeeded,DM_REF_PARTIES,15101247
15101248,Failed,DM_REF_PARTIES,15101247
15101249,CompletionTrigger-2f50a594-8f78-4fc9-a38c-8dcb0fc75a6e,Copy_To_Direct_and_Archive,15101251
15101252,CompletionTrigger-2f50a594-8f78-4fc9-a38c-8dcb0fc75a6e,Copy_To_Direct_and_Archive,15101254
15101254,Succeeded,TRN_EXT_CL_TRD,15101253
15101254,Failed,TRN_EXT_CL_TRD,15101253
15101255,Succeeded,DM_REF_BONDS,15101260
15101255,Failed,DM_REF_BONDS,15101260
15101256,Succeeded,Copy_To_Direct_and_Archive,15101257
15101257,Succeeded,DM_REF_MKTDATA,18181274
15101257,Failed,DM_REF_MKTDATA,18181274
15101259,Succeeded,Copy_To_Direct_and_Archive,15101255
15101261,Succeeded,DM_REF_SEC_ALL,15101262
15101264,Succeeded,TRN_CASH,15101266
15101264,Failed,TRN_CASH,15101266
15101265,Succeeded,Copy_To_Direct_and_Archive,15101264
15101267,CompletionTrigger-ee6d0991-ced6-4425-83ba-da3cb00a4972,RE_DWH_LOAD,15101425
15101267,CompletionTrigger-5bf033b6-0413-4f12-9d20-98360b1dd5e7,RE_DWH_LOAD,15101425
15101273,CompletionTrigger-c3251a84-536d-47cd-b4e0-5728050423fd,RECON_NT_CSH_PMT,15101392
15101274,CompletionTrigger-5fc31e67-7539-4098-af5b-97669fedcbcb,RECON_NT_POS_IAB,22185787
15101279,Succeeded,TM_DEPO_REPO,15101281
15101279,Failed,TM_DEPO_REPO,15101281
15101280,Succeeded,Copy_To_Direct_and_Archive,15101279
15101282,CompletionTrigger-bccf607e-224c-4643-b59d-a417daef4f9d,DM_REF_EXTRACTS,15101286
15101286,CompletionTrigger-6417d767-675c-4791-b836-e2fb00406cba,Copy_To_SFTP_and_Archive_BANKACCT,15101393
15101289,Succeeded,TRN_FUT,15101291
15101289,Failed,TRN_FUT,15101291
15101290,Succeeded,Copy_To_Direct_and_Archive,15101289
15101292,CompletionTrigger-2f50a594-8f78-4fc9-a38c-8dcb0fc75a6e,Copy_To_Direct_and_Archive,15101294
15101294,Succeeded,DM_REF_BANK_HOLIDAYS,15101293
15101294,Failed,DM_REF_BANK_HOLIDAYS,15101293
15101305,Succeeded,RE_CASH_MGMT,15101304
15101305,Failed,RE_CASH_MGMT,15101304
15101306,Succeeded,Copy_To_Direct_and_Archive,15101307
15101307,Succeeded,PERF_INDEX_UNIDATA,15101308
15101307,Failed,PERF_INDEX_UNIDATA,15101308
15101310,Succeeded,TRN_REPO,15101312
15101310,Failed,TRN_REPO,15101312
15101311,Succeeded,Copy_To_Direct_and_Archive,15101310
15101313,Succeeded,TRN_SBB_O,15101315
15101313,Failed,TRN_SBB_O,15101315
15101314,Succeeded,Copy_To_Direct_and_Archive,15101313
15101316,Succeeded,TRN_FX_OPT,15101318
15101316,Failed,TRN_FX_OPT,15101318
15101317,Succeeded,Copy_To_Direct_and_Archive,15101316
15101319,Succeeded,TRN_IRS_BASIS,15101321
15101319,Failed,TRN_IRS_BASIS,15101321
15101320,Succeeded,Copy_To_Direct_and_Archive,15101319
15101322,Succeeded,TRN_IRS_FI_FL,15101324
15101322,Failed,TRN_IRS_FI_FL,15101324
15101323,Succeeded,Copy_To_Direct_and_Archive,15101322
15101325,Succeeded,TRN_OTC_OPT,15101327
15101325,Failed,TRN_OTC_OPT,15101327
15101326,Succeeded,Copy_To_Direct_and_Archive,15101325
15101328,Succeeded,TRN_TRS,15101330
15101328,Failed,TRN_TRS,15101330
15101329,Succeeded,Copy_To_Direct_and_Archive,15101328
15101331,Succeeded,TRN_IRS_OIS_FI,15101333
15101331,Failed,TRN_IRS_OIS_FI,15101333
15101332,Succeeded,Copy_To_Direct_and_Archive,15101331
15101334,Succeeded,TRN_IRS_OIS_FL,15101336
15101334,Failed,TRN_IRS_OIS_FL,15101336
15101335,Succeeded,Copy_To_Direct_and_Archive,15101334
15101337,Succeeded,RECON_INT_DERIV,15101339
15101337,Failed,RECON_INT_DERIV,15101339
15101341,Succeeded,Copy_To_Direct_and_Archive,15101059
15101344,Succeeded,Copy_To_Direct_and_Archive,15101060
15101347,Succeeded,Copy_To_Direct_and_Archive,15101061
15101350,Succeeded,Copy_To_Direct_and_Archive,15101062
15101352,Succeeded,SA_CASH_MGMT,15101353
15101353,Succeeded,Copy_To_SFTP_and_Archive_CFMS,17039738
15101355,Succeeded,TRN_CCS_BASIS,15101357
15101355,Failed,TRN_CCS_BASIS,15101357
15101356,Succeeded,Copy_To_Direct_and_Archive,15101355
15101358,Succeeded,TRN_CSS_FI_FI,15101360
15101358,Failed,TRN_CSS_FI_FI,15101360
15101359,Succeeded,Copy_To_Direct_and_Archive,15101358
15101361,Succeeded,TRN_CCS_FI_FL,15101363
15101361,Failed,TRN_CCS_FI_FL,15101363
15101362,Succeeded,Copy_To_Direct_and_Archive,15101361
15101364,Succeeded,TRN_CCS_FI_FI,15101366
15101364,Failed,TRN_CCS_FI_FI,15101366
15101365,Succeeded,Copy_To_Direct_and_Archive,15101364
15101367,Succeeded,TRN_SWAPTION,15101369
15101367,Failed,TRN_SWAPTION,15101369
15101368,Succeeded,Copy_To_Direct_and_Archive,15101367
15101370,Succeeded,TRN_CDSOPT,15101372
15101370,Failed,TRN_CDSOPT,15101372
15101371,Succeeded,Copy_To_Direct_and_Archive,15101370
15101373,Succeeded,TRN_VAR_SWAP,15101375
15101373,Failed,TRN_VAR_SWAP,15101375
15101374,Succeeded,Copy_To_Direct_and_Archive,15101373
15101376,Succeeded,TRN_VOL_SWAP,15101378
15101376,Failed,TRN_VOL_SWAP,15101378
15101377,Succeeded,Copy_To_Direct_and_Archive,15101376
15101379,Succeeded,TRN_DIV_CAP_EVENT,15101381
15101379,Failed,TRN_DIV_CAP_EVENT,15101381
15101380,Succeeded,Copy_To_Direct_and_Archive,15101379
15101382,Succeeded,MAN_EXT_CL_TRD,15101384
15101382,Failed,MAN_EXT_CL_TRD,15101384
15101383,Succeeded,Copy_To_Direct_and_Archive,15101382
15101386,Succeeded,REF_SMF,15101387
15101389,CompletionTrigger-66098bc4-ed0c-4f0e-b521-63cb3e9ea085,Copy_To_Archive,15101274
15101391,CompletionTrigger-66098bc4-ed0c-4f0e-b521-63cb3e9ea085,Copy_To_Archive,15101273
15101395,Succeeded,Copy_To_SFTP_and_Archive_MIG,15101396
15101397,CompletionTrigger-df9fa0e6-dc7f-4e26-960e-158c43af697f,MIG_POST_VAL,15101395
15101398,CompletionTrigger-ba19d163-5519-472c-9506-0fd2e0aa427f,DWHREC_FUND_DCMP,15101168
15101398,CompletionTrigger-f0a3ab85-625b-4017-9f14-e63dd5331554,DWHREC_FUND_DCMP,15101168
15101399,Succeeded,Copy_To_Direct_and_Archive,15101398
15101400,CompletionTrigger-7ce726c0-445e-455b-8cc6-3bce4746f6d3,Delete_From_Direct_After_Processing_DWH_FILE,15101169
15101401,CompletionTrigger-2363a04d-a80f-47eb-865a-09e48759c0c0,DWHREC_GLHOLDNG,15101403
15101401,CompletionTrigger-af472ec2-b0de-44c8-a2d1-19b687012a4b,DWHREC_GLHOLDNG,15101403
15101402,Succeeded,Copy_To_Direct_and_Archive,15101401
15101403,CompletionTrigger-59053346-3efc-4820-9b70-9d3b25f32c73,Delete_From_Direct_After_Processing_DWH_FILE,18669613
15101404,Succeeded,DWHREC_IBOR_POS,15101406
15101404,Failed,DWHREC_IBOR_POS,15101406
15101405,Succeeded,Copy_To_Direct_and_Archive,15101404
15101407,Succeeded,DWHREC_IBOR_SETT,15101409
15101407,Failed,DWHREC_IBOR_SETT,15101409
15101408,Succeeded,Copy_To_Direct_and_Archive,15101407
15101410,CompletionTrigger-5e1b5853-8d60-424e-9a97-aa815975f0a3,DWHREC_ABOR_POS,15101166
15101410,CompletionTrigger-a5534e76-7ba6-436e-9c12-972925c6d630,DWHREC_ABOR_POS,15101166
15101411,Succeeded,Copy_To_Direct_and_Archive,15101410
15101413,CompletionTrigger-07f9e65b-1a4c-46f2-880d-2970dea83ae2,Direct_Archive,15101412
15101415,CompletionTrigger-278b3249-8e91-4c0f-87e3-fc098e06adb0,Direct_Archive_SCD_FILE,15101167
15101416,CompletionTrigger-8415743b-e257-4a34-80ed-b631b07cbfa7,Delete_From_Direct_After_Processing_DWH_FILE,15101165
15101418,CompletionTrigger-0a459868-aff0-4b51-a92c-518237654a39,Direct_Archive_SCD_FILE,15101170
15104962,CompletionTrigger-b072e351-3c65-45f4-9f82-8a9fe62f663a,SA_EOD_ADMIN,15104965
15104963,CompletionTrigger-6c5a6076-e12c-4c16-85f4-0ec4c4f60cbf,AS_24D_CA_CR_SDTR,15104964
15104964,CompletionTrigger-312fde1e-817f-4093-b533-cfce6c6d2c89,SA_EOD_PMT,15104962
15104966,CompletionTrigger-906bd5cb-fa08-474f-b25a-ddbd0ee3bf79,RECON_NT_POS_IO,15104967
15104966,CompletionTrigger-a1097bab-85d2-4883-91e1-d143d288b71d,RECON_NT_POS_IO,15104967
15104967,CompletionTrigger-ba06c017-a630-40f0-9ee5-9ec3e9e20129,RECON_NT_POS_IAB,15104969
15104967,CompletionTrigger-579e5731-c866-41e8-878b-e0db31f0d070,RECON_NT_POS_IAB,15104969
15104969,CompletionTrigger-84120914-3eb5-461e-b14f-c279f6d7deac,RECON_INT_DERIV,15104970
15104969,CompletionTrigger-95226df1-c8e7-44ac-afdf-36d984672ac8,RECON_INT_DERIV,15104970
15104970,CompletionTrigger-abc8d6f0-11b8-41ed-aa70-aab9151e30c1,RECON_INT_BNK_CB,15104968
15104970,CompletionTrigger-2c494cf9-74ee-48bb-a730-a4c469631f70,RECON_INT_BNK_CB,15104968
15104971,CompletionTrigger-29be8446-215c-4dd5-9b4b-80904a24777c,PERF_DAILY_FUND,15104973
15104971,CompletionTrigger-aae839d3-cf28-43c1-8e20-090a87f35826,PERF_DAILY_FUND,15104973
15104972,CompletionTrigger-51b293f7-25b5-4aa8-8488-37b6769d3b92,PERF_DAILY_CLIENT,15104971
15104972,CompletionTrigger-8ba545bb-8993-402b-b69a-9038cb384763,PERF_DAILY_CLIENT,15104971
15104976,CompletionTrigger-54a16e40-d8a7-49b3-8e7a-65a1c440796b,RE_DWH_LOAD,15104977
15104976,CompletionTrigger-dba70de8-7c4d-4c0d-9b90-6afd50ad11e3,RE_DWH_LOAD,15104988
15104976,CompletionTrigger-ab9c8613-182c-4e46-824d-7dd73185ffbf,RE_DWH_LOAD,15105001
15104982,CompletionTrigger-5955242b-5a74-4c89-ab4c-69c481d499e7,Wait_EDM_To_SCD_Market_Prices,15105120
15104983,CompletionTrigger-9dfae1f3-6ca3-4596-b4e2-f46c071aae61,WAIT_EDM_TO_SCD_PERFORMANCE_PRICES,15104989
15104984,CompletionTrigger-2c54e478-31a4-4162-806b-59e779f76b93,WAIT_SCD_EOD_PROCESSING,15104976
15104986,CompletionTrigger-48b9ddfa-40f0-4311-8ed6-1d35b6d5abd6,WAIT_SCD_DWH_LOAD,15104966
15104989,CompletionTrigger-9195c329-ff03-435a-bc19-2b48435ce6fd,WAIT_SCD_DWH_LOAD,15104993
15104990,CompletionTrigger-cce34bcd-4016-4d10-80bb-7608a34dbb54,WAIT_SUPERD_PRICES,15104991
15104991,CompletionTrigger-0c79cd80-7e6b-4321-9da2-40c70772fe21,WAIT_MARKET_FX_RATES,15104982
15104992,CompletionTrigger-3c2acbd3-f6ea-4971-82cc-6b08dca28b04,WAIT_MARKET_REF_RATES,15104963
15104993,Succeeded,WAIT_SCD_PERF_INDEX_UNIDATA,15105096
15104994,CompletionTrigger-44593bda-bcef-4f10-b62d-46f25a3f1849,WAIT_CASH_PMT_RECON_FILE,15104995
15104995,CompletionTrigger-a8e3d0b0-5199-484a-b638-0d763692a1db,WAIT_POS_RECON_FILE,15104997
15104996,CompletionTrigger-e85fd892-8d49-4f34-917f-2432fe24780f,WAIT_UNIT_2_RECON_FILE,15104986
15104997,CompletionTrigger-8a402bef-5ebd-4bdc-8c20-1eb8ddd1aa12,WAIT_SUPERD_RECON,15104996
15105000,CompletionTrigger-08b1266f-4ad4-4b72-9115-7d25e8983333,WAIT_SCD_DWH_LOAD,15104999
15105002,CompletionTrigger-b7e61dce-e80a-496d-9b5e-880272698fc1,SA_CASH_MGMT,24476371
15105005,CompletionTrigger-8e6519d3-c70d-4b71-b49f-a53bb87157c7,WAIT_DWH_ABOR_RECON_FILE,15105006
15105006,CompletionTrigger-34578104-0a79-4ce5-9e05-08491984183c,WAIT_DWH_FUND_DECOMP_RECON_FILE,15105008
15105007,Succeeded,WAIT_DWH_GL_HOLDINGS_RECON_FILE,15105012
15105008,CompletionTrigger-9bea7ca4-6cd6-4946-bc3b-e0c9db801c57,WAIT_DWH_IBOR_RECON_FILE,15105009
15105009,CompletionTrigger-5ddea6a7-b465-40cb-9f41-88e4316cc7ed,WAIT_DWH_SETTLE_RECON_FILE,15105007
15105010,Succeeded,DWHREC_ABOR_POS,15105013
15105010,Failed,DWHREC_ABOR_POS,15105013
15105012,Succeeded,DWHREC_GLHOLDNG,15105010
15105012,Failed,DWHREC_GLHOLDNG,15105010
15105013,CompletionTrigger-335e9e09-e26c-4883-84c2-e4f04d6eb0ec,DWHREC_IBOR_POS,15105014
15105013,CompletionTrigger-cc63b34e-1aa3-4883-9698-3369e16c821a,DWHREC_IBOR_POS,15105014
15105014,Succeeded,DWHREC_IBOR_SETT,15105011
15105014,Failed,DWHREC_IBOR_SETT,15105011
15105015,CompletionTrigger-38e79e41-8c2e-4943-9536-462f9dd78fe0,WAIT_SCD_DWH_LOAD,15105005
15105018,CompletionTrigger-56705bf2-35b2-42ba-96ce-3a4451031dd8,FLS_DEXS,15255480
15105033,CompletionTrigger-d9541af9-05fc-4787-bfba-68c49d6e8cdf,EXTRACT_BANK_ACCOUNTS,15105034
15105034,CompletionTrigger-412aa0e7-510f-4475-ac7d-daf4d8d84c5d,EXTRACT_SEC,15105035
15105051,Succeeded,Extract_Application_Folder_From_Trigger_Path,15105052
15105056,CompletionTrigger-f070ec8f-9799-4f07-b220-830b54ce9546,Extract_Application_Folder_From_Trigger_Path,15105054
15105063,Succeeded,Extract_Application_Folder_From_Trigger_Path,15105062
15105072,Succeeded,Extract_Application_Folder_From_Trigger_Path,15105071
15105076,Succeeded,Extract_Application_Folder_From_Trigger_Path,15105053
15105082,Succeeded,PERF_ME_FUND,15105081
15105082,CompletionTrigger-bee8b01c-8408-41d3-af49-afdc42ce8341,PERF_ME_FUND,15105081
15105083,CompletionTrigger-a22348cb-a871-4d29-8a87-1731d45cafb1,WAIT_SCD_DWH_LOAD,15105084
15105084,CompletionTrigger-371260a8-2e96-45ed-8285-51641cf05278,WAIT_SCD_PERF_DAILY,15105082
15105085,CompletionTrigger-1cf73d09-686f-4845-ac07-8454d18d0aa4,WAIT_SCD_PERF_DAILY,15105086
15105086,CompletionTrigger-7988932c-02bf-41d6-b1a3-af900a3411f4,WAIT_SCD_PERF_ME,15105087
15105088,CompletionTrigger-4f0cc6c5-a16f-477c-806f-596b4bb0072f,WAIT_SCD_DWH_LOAD,15105085
15105090,Succeeded,WAIT_SCD_DWH_LOAD,15105089
15105091,Succeeded,WAIT_SOD_SET_DATE,16182336
15105092,CompletionTrigger-c4bdc156-c8b7-48a6-bad4-1556a23a4827,RECON_NT_CSH_PMT,15105097
15105094,Succeeded,WAIT_SCD_RECON_NT_CASH_PMT,15104990
15105096,Succeeded,PERF_EXTRACT_UPD,15104972
15105096,CompletionTrigger-7e322071-efb2-4a72-a6a4-b863fbeaa5f4,PERF_EXTRACT_UPD,15104972
15105097,Succeeded,SA_PAYR_RAISE_STAT,15105107
15105098,CompletionTrigger-f5d74468-6c5f-48fa-beb8-d2b530d8ecb1,WAIT_SCD_RECON_NT_CASH_PMT,15104984
15105100,Succeeded,MANUAL_QUOTE,15105114
15105101,Succeeded,Copy_To_Direct_and_Archive,15105102
15105102,Succeeded,MANUAL_QUOTE,25333505
15105104,Succeeded,WAIT_SOD_SET_DATE,15640685
15105109,CompletionTrigger-d9541af9-05fc-4787-bfba-68c49d6e8cdf,REF_EXTRACTS,15105111
15105111,CompletionTrigger-412aa0e7-510f-4475-ac7d-daf4d8d84c5d,SEC_EXTRACTS,15105112
15105116,Succeeded,WAIT_SCD_EOD_PROCESSING,15105109
15105120,Succeeded,WAIT_DM_REF_MKTDATA_TRIGGERED,15104992
15640685,Succeeded,WAIT_SCD_SOD,15105002
15713558,Succeeded,SA_PAYR_RAISE_STAT,15105032
15714531,Succeeded,Set_Trigger_Variables,15714533
15714533,Succeeded,Copy_To_Archive,15714535
15714535,Succeeded,Move_File_To_Folder,15716212
15714542,Succeeded,MAN_FORMULA_VALUE,15714769
15828578,Succeeded,WAIT_SCD_EOD_PROCESSING,15828581
15828579,CompletionTrigger-932b4eff-14ad-4505-b6f9-34897f56f7fc,FLS_DEXS,15828602
15828581,Succeeded,SA_MOD_ADMIN,15828579
15831292,Succeeded,WAIT_SCD_EOD_PROCESSING,15831291
15866837,Succeeded,WAIT_SCD_PERF_DAILY,15866826
15866870,Succeeded,WAIT_SCD_PERF_ME,15866857
15950739,Succeeded,DM_REF_FORMULA_VALUE,15950764
15950741,Succeeded,Copy_To_Direct_and_Archive,15950739
16182336,Succeeded,WAIT_DWHREC_GLHOLDING,15105004
16195429,Succeeded,WAIT_DWH_GL_HOLDINGS_RECON_FILE,16195480
16195440,Succeeded,WAIT_SCD_DWH_LOAD,16195429
16195528,Succeeded,WAIT_DWH_RECON_GLHOLDING,15105015
16343840,Succeeded,REPO_FLOAT_MAT,16343841
16344669,Succeeded,WAIT_SCD_RECON_NT_CASH_PMT,16343838
16529777,Succeeded,WAIT_SCD_SOD,18181377
16530741,Succeeded,WAIT_SCD_REPO_FLOAT_MAT_POST_SOD,16530763
16631785,Succeeded,DWHREC_ABOR_POS,16631789
16631789,Succeeded,DWHREC_IBOR_POS,16631791
16631791,Succeeded,DWHREC_IBOR_SETT,16631787
16724117,Succeeded,TRN_CDS,16724119
16724118,Succeeded,Copy_To_Direct_and_Archive,16724117
17374409,Succeeded,TRN_BANK_ACC_OPN_BAL,17374412
17374411,Succeeded,Copy_To_Direct_and_Archive,17374409
18181377,CompletionTrigger-c3aba75c-5157-45b5-8098-5eaf6582e0a8,WAIT_MARKET_CORRA_RATES,28241303
18412991,Succeeded,SO_PFC_DEADLOCK_EXT,18412984
18412992,CompletionTrigger-195d679a-6d9b-4107-a2d3-426f249f84e1,Move_To_Folder,18412987
18579207,Succeeded,SA_CR_REF_RATE_FIX,16529773
18669164,CompletionTrigger-557f2082-c562-4d9d-a686-90b665d03132,Direct_Archive,18671310
19712701,CompletionTrigger-1f546c4c-50c6-46c1-af70-864e988eba9d,SO_GEN_REC_STATS_EXT,19713178
20188861,CompletionTrigger-f3ba91b0-be71-4783-b273-39d385131d17,AUDIT_ACTIVE_USERS,20188859
20775879,CompletionTrigger-dfbcf38c-b23b-4dcc-8e62-e44cffa57a7a,WAIT_SWIFT_CASH_RECON_FILE,20775880
20775880,CompletionTrigger-8762fcfc-a832-4223-95a5-6e86db94507f,SWIFT_CHECK_FOR_MT_FILES,15105092
20935681,CompletionTrigger-be4a0f6c-b97f-48cc-8298-dabf12945182,Wait_EDM_To_SCD_Market_Prices,20936396
20936396,CompletionTrigger-f2ab643b-5325-4916-b493-58ff229c905d,WAIT_DM_REF_MKTDATA_TRIGGERED,20936668
22185787,CompletionTrigger-79a9317e-900d-49e6-bf35-6666f3f3e317,RECON_NT_POS_IAB_590,15101390
24138375,Succeeded,PERF_IUD_IMPORT,24138380
24138375,Failed,PERF_IUD_IMPORT,24138380
24138376,CompletionTrigger-bfe20b75-ddb3-4920-bd74-b9a65c69713e,Copy_To_Direct_and_Archive,24138378
24138378,CompletionTrigger-3a1bff2f-e748-4177-8dab-ca4a8847373b,PERF_IUD_IMPORT,24138377
24512596,CompletionTrigger-fdc4e6c4-0124-4944-b27d-488da52e8273,TRN_DIV_SWAP,24512598
24512597,CompletionTrigger-b4045eac-23b2-43ee-b409-7dc92ab313ef,Copy_To_Direct_and_Archive,24512596
25361081,CompletionTrigger-6380d734-8497-47e1-be22-1186898654c5,WAIT_SCD_SOD,25361080
25361082,CompletionTrigger-0d4a67c3-8122-4237-84a1-148e13c18dee,WAIT_SOD_SET_DATE,25361081
26596682,CompletionTrigger-cf2c4f00-9495-493d-9bab-14f104c3f44c,DM_COPY_NT_CASH_PMT,26596683
28241303,CompletionTrigger-6c5d7964-8701-41cb-a5b1-7faa69a3be62,SA_REF_RATES_ZERO,18579207
29349450,Succeeded,WAIT_SCD_PERF_DAILY_2,29349452
29349618,Succeeded,WAIT_SCD_PERF_DAILY_3,29349619
29349618,Failed,WAIT_SCD_PERF_DAILY_3,29349619
30143176,CompletionTrigger-981d29e4-76ce-4af7-8ddf-3fb4e08477ea,DM_EXT_HLD_STD_CTRT,30143175
30975888,Succeeded,TRN_CASH,30975890
30975888,Failed,TRN_CASH,30975890
30975889,Succeeded,Copy_To_Direct_and_Archive,30975888
32123407,Succeeded,WAIT_SCD_PERF_DAILY_1,32123408
32123410,Succeeded,WAIT_SCD_PERF_DAILY_2,32123409
32184742,CompletionTrigger-a5e354bc-cd5d-4903-ad0c-72e22a9144a0,DM_COPY_DWHREC,32185240
15105123,Succeeded,FX_HEDGE_EXTRACT_CASH_OPS,15105121
15105125,CompletionTrigger-6d59525e-d481-4219-bb93-63ec53e0a3a2,ADHOC_PERF_DAILY_FUN,15105127
15105125,CompletionTrigger-6eeee1ac-a9f3-4a2b-9991-b0564619ed04,ADHOC_PERF_DAILY_FUN,15105127
15105126,CompletionTrigger-d13391f5-05da-4130-be1b-ce590636635d,ADHOC_PERF_DAILY_CLI,15105125
15105126,CompletionTrigger-30e90472-2423-4c59-b897-ec9c2d1899b4,ADHOC_PERF_DAILY_CLI,15105125
15105127,CompletionTrigger-564097da-662b-4110-9ff4-6465b0d3a40b,ADHOC_PERF_DAILY_IDX,15105129
15105127,CompletionTrigger-c248abf2-23bf-4057-9199-410471976c4e,ADHOC_PERF_DAILY_IDX,15105129
15105128,CompletionTrigger-463c6523-20fe-4f8a-826d-9c21c5cf245e,ADHOC_PERF_DEX_UPD,15105126
15105128,CompletionTrigger-ef140f52-553e-44b4-a1f5-bbbeff873be8,ADHOC_PERF_DEX_UPD,15105126
15105130,CompletionTrigger-2f45d64d-1041-42d0-b5a8-19c8b4c040b8,ADHOC_PERF_ME_CLIENT,15105131
15366671,Succeeded,Send_Email,15292243
15622462,CompletionTrigger-d48eedd9-124c-470e-b2ab-d59350d317fd,CHECK_SFTP_IN_CASH,15622519
15622519,CompletionTrigger-c43ed1cd-4958-41fc-b538-ed2ccb7b9288,CHECK_SFTP_IN_MARKET,15622534
15622534,CompletionTrigger-769ab4a8-e417-4c8d-a4fc-bdf2244b0410,CHECK_SFTP_IN_REF_DATA,15622554
15622554,CompletionTrigger-8dd4a142-b44e-48cb-a46b-61f76687abee,CHECK_SFTP_IN_SMF,15622561
15622561,CompletionTrigger-3dde0cce-5d1b-4020-a582-1fa3c1e04c25,CHECK_SFTP_IN_SUPERD,15622600
15622600,CompletionTrigger-5714b6b8-d91e-415f-919a-47b44cf44869,CHECK_SFTP_IN_SWIFT_CA,15622612
15622612,CompletionTrigger-ebcc1930-4326-4b71-a01d-ec1ed2e6aaed,CHECK_SFTP_IN_SWIFT_RECON,15622632
15622632,CompletionTrigger-fe0401ae-adfa-4f99-a1c8-b0a22bf7daf8,CHECK_SFTP_IN_TRANSACTIONS,25333506
15756628,Succeeded,FX_REAL_G_L_IRR,15798128
15798053,Succeeded,FX_REAL_GL_L_CASH_OPS,15756628
25333506,Succeeded,CHECK_FILE_AGE_SFTP_MANUAL_Contract_Quotes,25333507
15105132,CompletionTrigger-eda8482c-972c-4430-b2d3-72f31a2a65cb,Set_Business_Date_Variable,15105133
15105134,CompletionTrigger-fc95579e-44ed-4650-a291-5465fc894872,Store_Old_SCD_Date,15105132
15105135,CompletionTrigger-021c7ea4-2b24-4484-86f0-d8d28c6f748f,Show_New_Date,15105134
15105136,Succeeded,Show_Trigger_Job,15292219
15105137,Succeeded,Rename_Extract_File,15105164
15105138,Succeeded,SetVariables_Date,15105169
15105139,Succeeded,SetVariables_Remove,15105170
15105142,Succeeded,Show_Triggered_Values_And_Set_Variables,15105216
15105143,Succeeded,Rename_Extract_File,15105221
15292219,EndExecution,Check_Submit_Job,15105158
15292219,EndExecution,Check_Submit_Job,15366671
15589388,EndExecution,Check_File_Produced,15589387
15589388,EndExecution,Check_File_Produced,15589389
15589389,Succeeded,Send_Email_File_Found,15589394
15622463,Succeeded,Check_File_Age,15622464
15727509,EndExecution,Is_Today_A_Weekend,15727535
15727509,EndExecution,Is_Today_A_Weekend,15727537
15727537,Succeeded,Run_SCD_EOD_PROCESSING,15104731
15727601,Succeeded,Run_SCD_DWH_LOAD,15104735
15727612,EndExecution,Is_Today_A_Weekend,15727599
15727612,EndExecution,Is_Today_A_Weekend,15727601
15727645,Succeeded,Run_SCD_DWH_RECON,15104757
15727655,EndExecution,Is_Today_A_Weekend,15727643
15727655,EndExecution,Is_Today_A_Weekend,15727645
15727711,Succeeded,Run_SCD_PERF_DAILY,15104733
15727724,EndExecution,Is_Today_A_Weekend,15727701
15727724,EndExecution,Is_Today_A_Weekend,15727711
15727779,Succeeded,Run_SCD_PERF_DWH_LOAD,15104807
15727782,EndExecution,Is_Today_A_Weekend,15727763
15727782,EndExecution,Is_Today_A_Weekend,15727779
15755441,Succeeded,Rename_Extract_File,15755431
15806779,Succeeded,Run_SCD_SOD,15104736
15806840,EndExecution,Is_Today_A_Weekend,15806749
15806840,EndExecution,Is_Today_A_Weekend,15806779
15940677,Succeeded,Find_Effective_Date,15824372
15941637,Succeeded,Run_LDOM_PRF_REP_DAILY,15866816
15941638,EndExecution,Is_Today_A_Weekend,15941636
15941638,EndExecution,Is_Today_A_Weekend,15941637
15941702,Succeeded,Run_LDOM_PRF_REP_DAILY,15866847
15941703,EndExecution,Is_Today_A_Weekend,15941701
15941703,EndExecution,Is_Today_A_Weekend,15941702
16013613,CompletionTrigger-b99aefd3-6924-4d84-9c2d-7bf9b64f84f8,Show_Triggered_Values_And_Set_Variables,16013614
16112915,Succeeded,Update_File_Name,15963282
16463503,Succeeded,Set_Variables,16463123
16463723,Succeeded,Extract_Application_Folder_From_Trigger_Path,16463503
16529652,EndExecution,Set_Return_Code,16529662
16529652,EndExecution,Set_Return_Code,16529654
16529653,Succeeded,Check_File_Exists,16529652
16986592,CompletionTrigger-be5e11f3-67d8-4b6f-a0dd-918746c257b3,Set_Variables_DWH_FILE,16986597
16986593,CompletionTrigger-6e1ef6b7-0ab3-4793-a54b-85e83dea42b0,Set_Variables_SCD_FILE,16986598
16986594,CompletionTrigger-f3908f54-4a08-4626-bdac-c1b9fa703088,Set_Variables_SCD_FILE_Again,16986599
16986641,CompletionTrigger-a5872a58-c65f-4f36-9dd2-c56ed52e89d9,Set_Variables_SCD_FILE,16986646
16986642,CompletionTrigger-e2cf2670-2ed7-4572-b59d-fc3f8a83b02d,Set_Variables_DWH_FILE,16986647
16986643,CompletionTrigger-5727ae7b-8e41-4eba-89a5-dc08b7b73bec,Set_Variables_SCD_FILE_Again,16986648
17002812,Succeeded,Set_Variable_POS_Filename,17002814
17002813,Succeeded,Set_Variable_TXNS_Filename,17002815
18181276,EndExecution,DM_CHECK_CORRA_RATE,18181277
18181276,EndExecution,DM_CHECK_CORRA_RATE,18181278
18255380,EndExecution,Is_Today_A_Weekend,18255381
18255380,EndExecution,Is_Today_A_Weekend,18255382
18255382,Succeeded,Run_SCD_EXTRACTS_POST_EOD,15104829
18953980,Succeeded,Set_Variable_Archive_Folder,18953984
18953981,Succeeded,Set_Variable_Process_Folder,18953986
18953982,Succeeded,Show_Triggered_Values_And_Set_Variables,21085479
19731367,CompletionTrigger-83abf3ad-15dc-4091-8a0c-d99f2ac0ebb1,CONSTRAINT_RE_DWH_PFC_1_RE_DWH_PFC_2,19731374
19961160,CompletionTrigger-4fee69c7-68e0-4aa9-b0b7-2778ee625141,Show_Triggered_Values_And_Set_Variables,19961164
19963088,CompletionTrigger-4fee69c7-68e0-4aa9-b0b7-2778ee625141,Show_Triggered_Values_And_Set_Variables,19963089
19963121,CompletionTrigger-4fee69c7-68e0-4aa9-b0b7-2778ee625141,Show_Triggered_Values_And_Set_Variables,19963122
19963397,CompletionTrigger-4fee69c7-68e0-4aa9-b0b7-2778ee625141,Show_Triggered_Values_And_Set_Variables,19963405
19963398,CompletionTrigger-4fee69c7-68e0-4aa9-b0b7-2778ee625141,Show_Triggered_Values_And_Set_Variables,19963406
19963400,CompletionTrigger-4fee69c7-68e0-4aa9-b0b7-2778ee625141,Show_Triggered_Values_And_Set_Variables,19963407
19963401,CompletionTrigger-4fee69c7-68e0-4aa9-b0b7-2778ee625141,Show_Triggered_Values_And_Set_Variables,19963408
21085479,Succeeded,Process_FileName,21085481
21085481,EndExecution,Process_Exit_Code,21085482
21085481,EndExecution,Process_Exit_Code,21085480
21085481,CompletionTrigger-eb401cdf-7243-4470-a443-e735131c4964,Process_Exit_Code,21085483
21085481,CompletionTrigger-9b42823d-54fe-4800-9e4b-5a93a8f59359,Process_Exit_Code,21085484
21085484,CompletionTrigger-83cc0431-efdc-4d17-b228-bdfe91cb9f70,InvalidSwiftFile,18953980
22517222,Succeeded,Show_Triggered_Values_And_Set_Variables,22517224
22517223,Succeeded,Send_Email,22517226
22517224,Succeeded,Set_Email_Subject,22517223
28441014,Succeeded,CONSTRAINT_RE_DWH_PFC_1_RE_DWH_PFC_2,28441019
29829342,Succeeded,Copy_File_For_IO,29829343
29829342,Succeeded,Copy_File_For_IO,15105211
15101442,Succeeded,TRN_CAP_PAY,15101444
15101442,Failed,TRN_CAP_PAY,15101444
15101443,Succeeded,Copy_To_Direct_and_Archive,15101442
15101445,Succeeded,TRN_PDWN_LN_FAC,15101447
15101445,Failed,TRN_PDWN_LN_FAC,15101447
15101446,Succeeded,Copy_To_Direct_and_Archive,15101445
15101448,Succeeded,TRN_LN_FAC_ROL,15101450
15101448,Failed,TRN_LN_FAC_ROL,15101450
15101449,Succeeded,Copy_To_Direct_and_Archive,15101448
15101451,Succeeded,TRN_ALT_INV_INC_EXP,15101453
15101451,Failed,TRN_ALT_INV_INC_EXP,15101453
15101452,Succeeded,Copy_To_Direct_and_Archive,15101451
15101454,Succeeded,TRN_LN_FAC_DWN,15101456
15101454,Failed,TRN_LN_FAC_DWN,15101456
15101455,Succeeded,Copy_To_Direct_and_Archive,15101454
15101457,Succeeded,TRN_BOOK_CORR,15101459
15101457,Failed,TRN_BOOK_CORR,15101459
15101458,Succeeded,Copy_To_Direct_and_Archive,15101457
15101463,CompletionTrigger-895c2560-3859-4db0-88c8-394aad141c6f,Copy_To_Direct_and_Archive,15101464
15101464,CompletionTrigger-824dc705-4110-4b66-9b06-a2f3a6f6bd00,DM_ALT_INV_MV,15101465
15101464,CompletionTrigger-7fd6268d-6fb4-40f5-ac06-c3429fb206a5,DM_ALT_INV_MV,15101465
15105145,CompletionTrigger-e72f8f9b-8e85-432c-a3b6-502e5faedb71,DWHREC_FUND_DCMP,15105150
15105146,CompletionTrigger-c9a2ace1-dbaa-4169-bd80-d46063e9fd63,DWHREC_ABOR_POS,15105149
15105157,Succeeded,Receive_Email_And_Save_Attachment,15105159
15105159,Succeeded,Validate_User_For_Job,15105160
15105160,CompletionTrigger-898e9505-fe20-4b2e-be0e-4b42154edf9c,Find_Folder_And_FTP_File,15105136
15105163,CompletionTrigger-97c0642e-fea7-4095-b005-597776122b98,FX_HEDGE_EXTRACT,15105137
15105165,Succeeded,BCI_Move_From_FTP_To_Local,15105138
15105166,Succeeded,BCI_Copy_To_Archive,15105165
15105169,Succeeded,BCI_Remove_Date_From_FileName,15105139
15105176,Succeeded,BCI_FTP_To_Integration,15105179
15105180,Succeeded,AUDIT_REPORTS,15105181
15105181,Succeeded,Copy_To_SFTP_and_Archive_RESTN_AGE,15105182
15105182,Succeeded,Copy_To_SFTP_and_Archive_Fee_Age,15105183
15105186,Succeeded,AR_MTHLY,15105188
15105187,Succeeded,Copy_To_SFTP_and_Archive_BackDate,15105194
15105188,Succeeded,Copy_To_SFTP_and_Archive_Amort,15105192
15105189,CompletionTrigger-aa9da492-8893-4941-9392-e14922beb747,Copy_To_SFTP_and_Archive_Resn_Age,16086040
15105190,Succeeded,Copy_To_SFTP_and_Archive_Fee_Age,15105193
15105191,Succeeded,Copy_To_SFTP_and_Archive_Fee_Adj,15105190
15105192,Succeeded,Copy_To_SFTP_and_Archive_Audit_Trail,15105187
15105193,Succeeded,Copy_To_SFTP_and_Archive_Manual_GL,15105189
15105194,Succeeded,Copy_To_SFTP_and_Archive_BookCor,15105191
15105197,Succeeded,AR_ADHOC,15105202
15105198,Succeeded,Copy_To_SFTP_and_Archive_Setup_Fund,15105201
15105200,Succeeded,Copy_To_SFTP_and_Archive_Setup_PF,15105199
15105201,Succeeded,Copy_To_SFTP_and_Archive_Setup_MP,15105200
15105202,Succeeded,Copy_To_SFTP_and_Archive_Setup_Bank,15105203
15105203,Succeeded,Copy_To_SFTP_and_Archive_Setup_Cust,15105198
15105206,Succeeded,IO_SWAP_ID_MAPPING,15105207
15105210,Succeeded,REF_SMF_LFCONTRACTS,29829342
15105216,Succeeded,Copy_To_Archive_And_FTP_To_SCD,15105124
15105222,Succeeded,FX_HEDGE_RPT,15105143
15589392,CompletionTrigger-1147e15a-0b9c-4bcf-9347-1577a7a1b11c,IO_SETTLE_POSITIONS,15589388
15661419,Succeeded,IO_FUT_TXN,15661434
15755429,Succeeded,FX_REAL_G_L,15755441
15824372,Succeeded,PRF_REP_DAILY,15824375
15824372,CompletionTrigger-4e69abc2-dd1a-4d62-bd02-0e53cad51642,PRF_REP_DAILY,15824374
15824372,CompletionTrigger-2da97b92-3003-41ac-a8cb-70f11204c49f,PRF_REP_DAILY,15824377
15824372,CompletionTrigger-9b11381c-625f-4d8c-a45c-72631d5ade76,PRF_REP_DAILY,15824373
15824372,CompletionTrigger-e7668af0-e1a6-4663-b079-93c011da0859,PRF_REP_DAILY,22025697
15824372,CompletionTrigger-0aec2c62-9122-4e00-be65-1831d93a508c,PRF_REP_DAILY,22025698
15824372,CompletionTrigger-f166a1b7-8478-46f6-972d-eabaf6031f60,PRF_REP_DAILY,22025696
15824372,CompletionTrigger-57225e91-c019-4731-89ae-cc3240f27c10,PRF_REP_DAILY,22026026
15824372,CompletionTrigger-c4221aad-196a-4632-99fc-3f31ce1723b3,PRF_REP_DAILY,23411270
15824372,CompletionTrigger-9eef06ca-903d-4374-b52d-21e38f02f561,PRF_REP_DAILY,23411274
15824372,CompletionTrigger-e4c64411-e67e-4b23-a73a-3f6f9015265b,PRF_REP_DAILY,23411272
15824372,Succeeded,PRF_REP_DAILY,27108448
15824380,Succeeded,PRF_REP_MONTHLY,15824381
15826154,Succeeded,FIN_REPO_RECON_DEXS,15826181
15963281,Succeeded,STREPO_DEXS,16112915
16007969,Succeeded,DIV_TXN_TD,16007970
16086040,CompletionTrigger-bdd3fed8-9075-4ced-abdd-72622d0e40ad,Copy_To_SFTP_and_Archive_Setup_Bank,16086042
16086042,CompletionTrigger-55172dd3-91aa-4f17-b617-52f97ba81844,Copy_To_SFTP_and_Archive_Setup_Custody,16086077
16086051,CompletionTrigger-3fe7204b-8c4a-4dd8-a261-99395ea482c0,Copy_To_SFTP_and_Archive_Setup_Model_Port,16086056
16086056,CompletionTrigger-5cab3181-bfdf-474e-b13b-eddb9ece4cfa,Copy_To_SFTP_and_Archive_Setup_Port,16086066
16086077,CompletionTrigger-c134dd18-9467-483a-9b2e-3b40fb858fb3,Copy_To_SFTP_and_Archive_Setup_Fund,16086051
16174110,Succeeded,TRN_EXT,16174112
16318718,Succeeded,DM_EXT_DIV_TRXNS,16318720
16410064,Succeeded,TRN_EXT_CO,16410065
16529657,Succeeded,FLS_POS_HOLDINGS,17002812
16529661,Succeeded,FRR_MAT_ALERT,16529653
16529662,Succeeded,Copy_To_SFTP_And_Archive,16529655
16679466,CompletionTrigger-7de68f88-9b6b-4ca6-b20a-faa12d7cae63,VAL_EOD_ADMIN,16679538
16743853,CompletionTrigger-b65b724c-787b-4eb4-ba98-c7cf9becfa48,BCI_Copy_To_Archive_And_Move,16743891
16743891,CompletionTrigger-4112627b-9f39-490c-be0f-2225163b2fd0,BCI_Move_From_FTP_To_Local,16778128
16986597,CompletionTrigger-7ce726c0-445e-455b-8cc6-3bce4746f6d3,Delete_From_Direct_After_Processing_DWH_FILE,16986593
16986598,CompletionTrigger-0a459868-aff0-4b51-a92c-518237654a39,Direct_Archive_SCD_FILE,16986594
16986634,Succeeded,ADHOC_DWHRC_FUND_DCP,16986592
16986634,Failed,ADHOC_DWHRC_FUND_DCP,16986592
16986646,CompletionTrigger-278b3249-8e91-4c0f-87e3-fc098e06adb0,Direct_Archive_SCD_FILE,16986643
16986647,CompletionTrigger-8415743b-e257-4a34-80ed-b631b07cbfa7,Delete_From_Direct_After_Processing_DWH_FILE,16986641
16986689,Succeeded,ADHOC_DWHRC_ABOR_POS,16986642
16986689,Failed,ADHOC_DWHRC_ABOR_POS,16986642
17002814,Succeeded,Copy_To_SFTP_And_Archive_POS,17002813
17428644,Succeeded,WAIT_MARKET_FX_RATES,17428643
17573391,CompletionTrigger-78a77890-bd14-46c5-8319-f59f7c99ad68,SA_DWH_REC_STATS,17573446
18531911,Succeeded,DM_EXT_PMRS_REP,18531913
18531911,CompletionTrigger-738bf547-a46a-48ac-9b40-dc1da9ea19ac,DM_EXT_PMRS_REP,30213552
18953983,Succeeded,BCI_FTP_To_Integration,18953981
18953986,Succeeded,BCI_Copy_File_Generic,18953980
19731374,CompletionTrigger-059c4dbb-21f0-4396-bfd9-994d72f30107,RE_DWH_LOAD_PLAN,19731373
19731374,CompletionTrigger-4dd436dc-6224-46b1-b4df-2bf13f0910c4,RE_DWH_LOAD_PLAN,19731377
19906231,CompletionTrigger-f76268db-3bb7-4dfc-b68a-ccc031593aeb,PRF_IRR_CALC,19906232
19906231,CompletionTrigger-aa381a1a-e2d5-4c6b-87f1-cae19c49209f,PRF_IRR_CALC,19906233
19908189,Succeeded,REF_DATA_IAB,20193326
19908189,CompletionTrigger-20d53001-2dce-42c4-9507-38f674e007cc,REF_DATA_IAB,19908192
19908189,CompletionTrigger-2c60f04f-bc30-4e48-bdff-08e1562b51f8,REF_DATA_IAB,20193328
19908189,CompletionTrigger-e044a86f-99a3-4ae3-b44f-8abc78907195,REF_DATA_IAB,20193327
19908189,CompletionTrigger-920df2f8-6edb-4f0b-930f-c4f92c1ddd04,REF_DATA_IAB,20193329
19908189,CompletionTrigger-e260d714-6198-4bc3-ad76-8dcbc6ea5f11,REF_DATA_IAB,20193330
19961161,CompletionTrigger-c5396a95-ff91-4fa2-b897-6219feb9792f,DM_REF_FUNDDEFN_DATA,19961169
19961162,CompletionTrigger-0a796857-e1ae-4fd0-87e0-7ea9a3c84a21,DM_REF_PORTF_DATA,19961170
19961164,CompletionTrigger-f545a905-f1a5-4878-8bd7-2c5b5181d9dd,Copy_To_Archive_And_FTP_To_SCD,19961159
19961165,CompletionTrigger-4282cbcd-3f23-4e0e-9727-19e51a6c879d,DM_REF_MP,19961171
19961166,CompletionTrigger-211525bb-73c2-4b51-9222-4303fce64852,Copy_To_Direct_and_Archive,19961165
19961167,CompletionTrigger-34a91660-a0ff-4ed5-8cfc-2e3a73a2f35c,Copy_To_Direct_and_Archive,19961161
19961168,CompletionTrigger-514f3078-1287-4f0a-b4c5-f4b2173de37d,Copy_To_Direct_and_Archive,19961162
19963089,CompletionTrigger-f545a905-f1a5-4878-8bd7-2c5b5181d9dd,Copy_To_Archive_And_FTP_To_SCD,19963087
19963122,CompletionTrigger-f545a905-f1a5-4878-8bd7-2c5b5181d9dd,Copy_To_Archive_And_FTP_To_SCD,19963120
19963405,CompletionTrigger-f545a905-f1a5-4878-8bd7-2c5b5181d9dd,Copy_To_Archive_And_FTP_To_SCD,19963392
19963406,CompletionTrigger-f545a905-f1a5-4878-8bd7-2c5b5181d9dd,Copy_To_Archive_And_FTP_To_SCD,19963393
19963407,CompletionTrigger-f545a905-f1a5-4878-8bd7-2c5b5181d9dd,Copy_To_Archive_And_FTP_To_SCD,19963394
19963408,CompletionTrigger-f545a905-f1a5-4878-8bd7-2c5b5181d9dd,Copy_To_Archive_And_FTP_To_SCD,19963396
20275576,Succeeded,FUTURES_TRANS_RISK,27128490
20405901,CompletionTrigger-c5a1544a-f6d1-4c20-a011-8239da56d790,PERF_DAILY_CLIENT_1,20405908
20405901,CompletionTrigger-ed84edd4-f826-4d47-aef9-bad1cf5d3752,PERF_DAILY_CLIENT_1,20406055
20405901,CompletionTrigger-a90960dc-2e19-40fb-a32a-6452f8f4f1a3,PERF_DAILY_CLIENT_1,20406055
20405901,CompletionTrigger-02c6f999-b611-4005-b665-229c7018c21f,PERF_DAILY_CLIENT_1,20405908
20405915,CompletionTrigger-f94a3490-c1e7-4953-947e-1b88fbfdf4d0,PERF_DAILY_FUND_1,20406057
20405915,CompletionTrigger-97ce9185-0582-4aee-9a5d-24bb743a8813,PERF_DAILY_FUND_1,20405920
20405915,CompletionTrigger-3a744a7c-2376-48b9-b0f3-a1b840304c73,PERF_DAILY_FUND_1,20405920
20405915,CompletionTrigger-df185e82-3ece-47d3-b429-4989c3514831,PERF_DAILY_FUND_1,20406057
22454886,CompletionTrigger-86e5c0b7-e351-493c-8e34-de386db6e911,DM_EXT_POS_FI,22454888
23156216,CompletionTrigger-d8039bf4-f77f-4b8a-8036-fbef19c3de25,ZIP_AND_DELETE_FOLDER_FTP_IO,23156220
23156217,CompletionTrigger-cdff1fe5-83b2-418f-b9e3-4f89209eb2f2,ZIP_AND_DELETE_FOLDER_FTP_CASH,23156218
23156218,CompletionTrigger-a10bfb56-2d67-476b-bc7f-f52173aaa597,ZIP_AND_DELETE_FOLDER_FTP_FINANCE,23156219
23156219,CompletionTrigger-2976ed83-6c48-4dbe-8cf3-ee2cc7ea063f,ZIP_AND_DELETE_FOLDER_FTP_FX_HEDGING,23156216
23156220,CompletionTrigger-bfef8723-3f2c-4639-a53e-3512916efd7a,ZIP_AND_DELETE_FOLDER_FTP_IRR,23156221
23156221,CompletionTrigger-5f1f12c2-23ce-48dc-aa69-c6a4f4f26bf4,ZIP_AND_DELETE_FOLDER_FTP_PERFORMANCE,23156222
23156222,CompletionTrigger-cd3412ca-2cbc-4303-a0a7-46c67c5d2694,ZIP_AND_DELETE_FOLDER_FTP_PUB_MKTS,23156223
23156223,CompletionTrigger-166e2845-bff3-45fa-ab06-45349a706fb6,ZIP_AND_DELETE_FOLDER_FTP_REPORTS,23156224
23940964,CompletionTrigger-6314fbfe-1fcb-4c4c-9473-9973322b3cb2,Begin_Maintenance_Mode,23940966
23940966,CompletionTrigger-8d7176dc-8197-419d-b561-5b020f05e197,Disable_Automation,23940965
23940967,Succeeded,Enable_Automation,23940968
27255442,Succeeded,IPD_PRFCLC_EXT,27255440
27255443,Succeeded,IPD_TRN_EXT,27255441
28162759,CompletionTrigger-50623a3e-9b80-4a7e-8498-51b89177cadc,DM_MDV_AUDIT_EXPORT,28163627
28312514,CompletionTrigger-c0013699-1753-4f54-b3e5-71e316d64695,DM_EXT_POS_EDM,28312515
28441019,Succeeded,RE_DWH_LOAD_PLAN,28441018
28441019,Succeeded,RE_DWH_LOAD_PLAN,28441017
28730792,CompletionTrigger-668b5b3f-d871-4027-a201-00ffcea15cac,DM_EXT_PROJ_DIV,28730807
28863682,Succeeded,DWH_LINEAGE,28863679
29349624,CompletionTrigger-7240e6b4-b303-49bc-a64a-920140bfc245,PRF_REP_DAILY_1,29349638
29349624,CompletionTrigger-dd586601-9ed2-462f-9942-48428bffbbc1,PRF_REP_DAILY_1,29349636
29349624,CompletionTrigger-a9e26ecd-b048-4d59-8652-dbe20816c28e,PRF_REP_DAILY_1,29349637
29349624,CompletionTrigger-d5b7aab2-6d12-4d77-9cb8-9182941502b9,PRF_REP_DAILY_1,29349632
29349624,CompletionTrigger-2c66d629-3830-4d71-b1ea-b2e66c425154,PRF_REP_DAILY_1,29349633
29349624,CompletionTrigger-b6aa184f-41d5-4bd8-83f6-3296d87c262e,PRF_REP_DAILY_1,29349634
29349624,CompletionTrigger-f4512d14-f6b7-4c4b-bea0-30e834c9373c,PRF_REP_DAILY_1,29349630
29349624,CompletionTrigger-5b2d1bc2-7fca-4e32-9da0-38474e804f51,PRF_REP_DAILY_1,29349631
29349624,CompletionTrigger-7077ddc1-899b-46dd-a326-f9b79903eaf9,PRF_REP_DAILY_1,29349626
29349624,CompletionTrigger-636e4def-ba85-4469-a553-859883b53a21,PRF_REP_DAILY_1,29349627
29349624,CompletionTrigger-e8de7820-6b88-48cd-9670-afd1bfaaaf15,PRF_REP_DAILY_1,29349628
29349624,CompletionTrigger-632d92d2-1f8a-4752-aa28-919f3d0813c8,PRF_REP_DAILY_1,29349640
29349625,CompletionTrigger-cb7d0ff6-d5a9-4298-adba-c65046c05de0,PRF_REP_DAILY_2,29349639
29349625,CompletionTrigger-5b97a0c1-31b2-4f2a-ac08-587530d60841,PRF_REP_DAILY_2,29349629
29349625,CompletionTrigger-64382c51-fbfa-4a80-894e-85031779381d,PRF_REP_DAILY_2,29349635
29596462,Succeeded,ADHOC_PERF_TFA_MTD_0430,29597385
29597385,CompletionTrigger-c1ff0907-0cc8-4360-83ae-c852cf9743c5,ADHOC_PERF_TFA_MTD_0531,29597408
29597408,CompletionTrigger-70fcbd18-a3fa-427e-9b33-1f838b79c383,ADHOC_PERF_TFA_MTD_0630,29597421
29597421,CompletionTrigger-ca6ac3da-6aa3-4333-8cd3-e13d1a6e8067,ADHOC_PERF_TFA_MTD_0731,29597520
29597520,CompletionTrigger-23fbaefd-796a-479f-b0b0-40ff196468cb,ADHOC_PERF_TFA_MTD_0831,29597557
29597557,CompletionTrigger-3302b644-960d-40d0-ab10-e07ed6d2ca2f,ADHOC_PERF_TFA_MTD_0930,29597595
29597595,CompletionTrigger-30281c01-3331-4906-97f5-0e36e0e1c70d,ADHOC_PERF_TFA_MTD_1031,29597629
29597629,CompletionTrigger-e573cf62-5b59-4431-886e-05dc0e8e59bf,ADHOC_PERF_TFA_MTD_1130,29597672
29597672,CompletionTrigger-b0033c07-ecd6-410c-9c4b-1ca56a473a2c,ADHOC_PERF_TFA_MTD_1231,29597706
29597706,CompletionTrigger-148da298-01e6-4340-b1ef-cdc8088391cb,ADHOC_PERF_TFA_MTD_0131,29597741
29597741,CompletionTrigger-d7b781ab-7664-4aef-8370-3414dece5132,ADHOC_PERF_TFA_MTD_0228,29597785
29611553,Succeeded,TRN_LF_EVENTS,29638138
29611553,Succeeded,TRN_LF_EVENTS,29638139
29611556,CompletionTrigger-3954b93c-e4d9-490a-996f-2d8d29a52a4d,TRN_LF_PAYDOWNS,29611561
29611557,Succeeded,TRN_LF_PAYDOWNS,29611559
29611558,Succeeded,Copy_To_Direct_and_Archive,29611557
29638137,CompletionTrigger-11b74c8a-7d79-47f4-920e-88b2708a591d,Copy_To_Direct_and_Archive_EVENTS,29638140
29638140,CompletionTrigger-e25c83b4-8092-4cce-b101-ed8bfec6dff9,Copy_To_Direct_and_Archive_No_Trigger_CONTRACTS,29611553
32123412,Succeeded,PERF_DAILY_CLIENT_3,32123414
32123412,CompletionTrigger-71625aef-44bb-4878-89d4-3188928f0bb2,PERF_DAILY_CLIENT_3,32123414
32366147,CompletionTrigger-8ec32bdd-9306-483c-9524-96f1943ed055,DM_EXT_TRN_IO_LF,32366148
32766055,Succeeded,DM_EXT_POS_IO_PD_LF,32766056
15105224,CompletionTrigger-b0bf8add-1082-4533-98a6-627cd488607b,Set_Variable,15105228
15105225,Succeeded,Set_Variable,15105237
15105226,Succeeded,Set_Variable,15105229
15756630,Succeeded,Set_Variable,15756598
15796924,EndExecution,FirstOfMonth,15796953
15796924,EndExecution,FirstOfMonth,15105224
15798008,Succeeded,Set_Variable,15798111
15798140,Succeeded,Set_Variable,15797237
20175114,CompletionTrigger-4a54bed7-f3f8-45dd-93e5-e128981eef25,Show_Triggered_Values_And_Set_Variables,17575857
20373300,CompletionTrigger-e25eb4c1-5e1c-4dd0-a817-7b6a5beb048e,Create_Excel_Report,20180729
20373300,CompletionTrigger-0d2a4354-30d4-46ae-b4ec-d9c30c7a7d94,Create_Excel_Report,20180727
