Job Plan ID,Job Plan Name
15100350,vce_Variables
15100351,vc_Variables
15100931,DM_REF_PARTIES
15100932,DM_REF_SMF
15100933,TRN_EXT_CL_TRD
15100934,DM_REF_BONDS
15100935,DM_REF_MKTDATA
15100936,DM_REF_SEC_ALL
15100937,TRN_CASH
15100938,RE_DWH_LOAD
15100939,RECON_INT_BNK_CB
15100940,RECON_INT_UNIT_1
15100941,RECON_INT_UNIT_2
15100942,RECON_NT_CSH_BAL
15100943,RECON_NT_CSH_PMT
15100944,RECON_NT_POS_IAB
15100945,RECON_NT_WTAX
15100946,RECON_NT_POS_IO
15100947,RECON_NT_TRX
15100948,SA_EOD_ADMIN
15100949,SA_SOD_ADMIN
15100950,SYNC_SCD_TO_BCI
15100951,TM_DEPO_REPO
15100952,DM_REF_EXTRACTS
15100953,TRN_FUT
15100954,DM_REF_BANK_HOLIDAYS
15100955,SA_EOD_PMT
15100956,AS_24D_CA_CR_SDTR
15100958,PERF_CASH_BUCKETS
15100959,PERF_DAILY_FUND
15100960,PERF_DAILY_CLIENT
15100961,PERF_DAILY_INDEX
15100962,PERF_ME_FUND
15100963,PERF_ME_CLIENT
15100964,PERF_WEEKLY_FUND
15100965,RE_CASH_MGMT
15100966,PERF_INDEX_UNIDATA
15100967,GL_CONTR_SURP_REBOOK
15100968,TRN_REPO
15100969,TRN_SBB_O
15100970,TRN_FX_OPT
15100971,TRN_IRS_BASIS
15100972,TRN_IRS_FI_FL
15100973,TRN_OTC_OPT
15100974,TRN_TRS
15100975,TRN_IRS_OIS_FI
15100976,TRN_IRS_OIS_FL
15100977,RECON_INT_DERIV
15100978,TRN_LN_FAC_FEE
15100979,TRN_LN_FAC_TRD
15100980,TRN_LN_FAC_TRD_CANC
15100981,TRN_LN_FAC_SET
15100982,SA_CASH_MGMT
15100983,TRN_CCS_BASIS
15100984,TRN_CCS_FI_FL
15100985,TRN_CCS_FI_FI
15100986,TRN_SWAPTION
15100987,TRN_CDSOPT
15100988,TRN_VAR_SWAP
15100989,TRN_VOL_SWAP
15100990,TRN_DIV_CAP_EVENT
15100991,MAN_EXT_CL_TRD
15100992,RE_PERF_DWH_LOAD
15100993,TRN_PMT_REC_AUXSTAT_20200302
15100994,REF_SMF
15100995,DWH_PFC_ERRORS
15100996,FLS_DEXS
15100997,PERF_MCDS
15100998,MIG_POST_VAL
15100999,DWHREC_ABOR_POS
15101000,DWHREC_FUND_DCMP
15101001,DWHREC_GLHOLDNG
15101002,DWHREC_IBOR_POS
15101003,DWHREC_IBOR_SETT
15101004,Copy_To_Direct_and_Archive
15101005,Delete_From_Direct_After_Processing
15101006,Copy_To_SFTP_and_Archive
15101007,Sync_Remote_To_Local
15101008,Copy_To_Archive_And_FTP_To_SCD
15101009,Swift_Move_To_Direct
15101010,Copy_To_Archive
15101011,Direct_Archive
15101012,DM_REF_PARTIES
15101013,DM_REF_SMF
15101014,TRN_EXT_CL_TRD
15101015,DM_REF_BONDS
15101016,DM_REF_MKTDATA
15101017,DM_REF_SEC_ALL
15101018,TRN_CASH
15101019,RE_DWH_LOAD
15101020,SA_EOD_ADMIN
15101021,RECON_INT_BNK_CB
15101022,RECON_INT_UNIT_1
15101023,RECON_INT_UNIT_2
15101024,RECON_NT_CSH_BAL
15101025,RECON_NT_CSH_PMT
15101026,RECON_NT_POS_IAB
15101027,RECON_NT_POS_IO
15101028,RECON_NT_TRX
15101029,RECON_NT_WTAX
15101030,SA_CASH_MGMT_FILE_MOVE
15101031,TM_DEPO_REPO
15101032,DM_REF_EXTRACTS
15101033,TRN_FUT
15101034,DM_REF_BANK_HOLIDAYS
15101035,SA_EOD_PMT
15101036,AS_24D_CA_CR_SDTR
15101038,PERF_CASH_BUCKETS
15101039,PERF_DAILY_FUND
15101040,PERF_DAILY_CLIENT
15101041,PERF_DAILY_INDEX
15101042,PERF_ME_FUND
15101043,PERF_ME_CLIENT
15101044,PERF_WEEKLY_FUND
15101045,RE_CASH_MGMT
15101046,PERF_INDEX_UNIDATA
15101047,GL_CONTR_SURP_REBOOK
15101048,TRN_REPO
15101049,TRN_SBB_O
15101050,TRN_FX_OPT
15101051,TRN_IRS_BASIS
15101052,TRN_IRS_FI_FL
15101053,TRN_OTC_OPT
15101054,TRN_TRS
15101055,TRN_IRS_OIS_FI
15101056,TRN_IRS_OIS_FL
15101057,RECON_INT_DERIV
15101058,RECON_INT_DERIV_FILE_MOVE
15101059,TRN_LN_FAC_FEE
15101060,TRN_LN_FAC_TRD
15101061,TRN_LN_FAC_TRD_CANC
15101062,TRN_LN_FAC_SET
15101063,SA_CASH_MGMT
15101064,TRN_CCS_BASIS
15101065,TRN_IRS_FI_FI
15101066,TRN_CCS_FI_FL
15101067,TRN_CCS_FI_FI
15101068,TRN_SWAPTION
15101069,TRN_CDSOPT
15101070,TRN_VAR_SWAP
15101071,TRN_VOL_SWAP
15101072,TRN_DIV_CAP_EVENT
15101073,MAN_EXT_CL_TRD
15101074,RE_PERF_DWH_LOAD
15101075,REF_SMF
15101076,DWH_PFC_ERRORS
15101077,PERF_MCDS
15101078,MIG_POST_VAL
15101079,DWHREC_FUND_DCMP
15101080,DWHREC_GLHOLDNG
15101081,DWHREC_IBOR_POS
15101082,DWHREC_IBOR_SETT
15101083,DWHREC_ABOR_POS
15101084,DWHREC_SCD_FILE_MOVE_OLD
15101085,DWHREC_FILE_MOVE
15101087,PERF_EXTRACT_UPD
15101088,PERF_EXTRACT_UPD
15101090,Swift_Copy_To_Archive_And_FTP_To_SCD
15101091,TRN_PMT_REC_AUXSTAT_20200320
15101092,TRN_PMT_REC_AUXSTAT
15104455,BCI_Copy_To_Archive_And_Move
15104478,BCI_Move_From_FTP_To_Local
15104479,BCI_Remove_Date_From_FileName
15104480,BCI_Remove_String_From_FileName
15104481,BCI_Move_To_Archive
15104729,SA_PAYR_RAISE_STAT
15104730,test_alerts
15104731,SCD_EOD_PROCESSING
15104732,SCD_RECON
15104733,SCD_PERF_DAILY
15104735,SCD_DWH_LOAD
15104736,SCD_SOD
15104737,WAIT_SCD_EOD_PROCESSING
15104738,WAIT_SCD_DWH_LOAD
15104739,WAIT_SCD_PERF_DAILY
15104740,WAIT_SCD_RECON
15104742,Message_SCD_To_EDM_SCD_DW
15104743,Wait_EDM_To_SCD_Market_Prices
15104744,WAIT_EDM_TO_SCD_PERFORMANCE_PRICES
15104745,WAIT_SUPERD_PRICES
15104746,WAIT_MARKET_FX_RATES
15104747,WAIT_MARKET_REF_RATES
15104748,WAIT_MARKET_STD_CONTRACT_QUOTES
15104749,WAIT_SCD_PERF_INDEX_UNIDATA
15104750,WAIT_POS_RECON_FILE
15104751,WAIT_CASH_PMT_RECON_FILE
15104752,WAIT_UNIT_2_RECON_FILE
15104753,WAIT_SUPERD_RECON
15104754,Message_SCD_To_Mulesoft_SCD_DW
15104755,MIG_POST_VAL
15104756,SA_CASH_MGMT
15104757,SCD_DWH_RECON
15104758,WAIT_DWH_ABOR_RECON_FILE
15104759,WAIT_DWH_FUND_DECOMP_RECON_FILE
15104760,WAIT_DWH_GL_HOLDINGS_RECON_FILE
15104761,WAIT_DWH_IBOR_RECON_FILE
15104762,WAIT_DWH_SETTLE_RECON_FILE
15104763,SA_SOD_ADMIN
15104764,SA_PAYR_RAISE_STAT
15104766,FLS_DEXS
15104767,RE_CASH_MGMT
15104768,PAYMENT_RECONCILLIATION
15104769,SCD_EXTRACTS_6pm
15104770,AS_24D_CA_CR_SDTR
15104772,DM_REF_BONDS_TRIGGERED
15104773,DM_REF_MKTDATA_TRIGGERED
15104774,DM_REF_PARTIES_TRIGGERED
15104775,DM_REF_SMF_TRIGGERED
15104776,TRN_EXT_CL_TRD_TRIGGERED
15104777,TRN_CASH_TRIGGERED_old
15104778,BCI_SYNC_SCD_TO_BCI
15104779,SA_CASH_MGMT_FILE_MOVE_TRIGGERED
15104780,TM_DEPO_REPO_TRIGGERED
15104781,TRN_FUT_TRIGGERED
15104782,DM_REF_BANK_HOLIDAYS_TRIGGERED
15104784,PERF_INDEX_UNIDATA_TRIGGERED
15104785,TRN_REPO_TRIGGERED
15104786,TRN_SBB_O_TRIGGERED
15104787,TRN_FX_OPT_TRIGGERED
15104788,TRN_IRS_BASIS_TRIGGERED
15104789,TRN_IRS_FI_FL_TRIGGERED
15104790,TRN_OTC_OPT_TRIGGERED
15104791,TRN_IRS_OIS_FI_TRIGGERED
15104792,TRN_IRS_OIS_FL_TRIGGERED
15104793,TRN_TRS_TRIGGERED
15104794,RECON_INT_DERIV_FILE_MOVE_TRIGGERED
15104795,DWHREC_FILE_MOVE_TRIGGERED
15104796,Test Permissions
15104798,Receive_Email_And_Save_Attachment
15104799,Find_Folder_And_FTP_File
15104800,EMAIL_SUBMIT
15104801,Validate_User_For_Job
15104805,SCD_PERF_ME
15104806,WAIT_SCD_PERF_ME
15104807,SCD_PERF_DWH_LOAD
15104811,SOD_SET_DATE
15104812,WAIT_SOD_SET_DATE_XXX
15104813,SCD_RECON_NT_CASH_PMT
15104815,WAIT_SOD_SET_DATE
15104816,WAIT_SCD_RECON_NT_CASH_PMT
15104819,BCI_FTP_To_Integration
15104820,AUDIT_REPORTS
15104823,MANUAL_QUOTE
15104824,MANUAL_QUOTE
15104825,MANUAL_QUOTE
15104826,TRN_PMT_REC_AUXSTAT
15104827,Scheduled_BCI_Callout_Rotation
15104828,WAIT_SCD_DWH_RECON
15104829,SCD_EXTRACTS_POST_EOD
15104831,MANUAL_QUOTES
15104833,RECON_INT_DERIV
15104834,WAIT_DM_REF_MKTDATA_TRIGGERED
15214269,SA_CASH_MGMT
15265219,FLS_DEXS_DO
15317416,RE_DWH_CLEAN
15317423,RE_DWH_CLEAN
15317429,RE_DWH_CLEAN
15357523,Email_Manual_Move_File
15508375,FTP_To_SCD
15640663,WAIT_SCD_SOD
15713751,MAN_FORMULA_VALUE
15713781,MAN_FORMULA_VALUE
15713881,Move_File_To_Folder
15714853,MAN_FORMULA_VALUE
15715489,Set_Trigger_Variables
15828574,SA_MOD_ADMIN
15828575,SCD_FLS_DEX_EXTRACT
15828576,SA_MOD_ADMIN
15831290,FIN_REPO_RECON_DEXS
15866816,PRF_REP_DAILY
15866847,PRF_REP_MONTHLY
15950733,DM_REF_FORMULA_VALUE
15950737,DM_REF_FORMULA_VALUE
15950752,DM_REF_FORMULA_VALUE
16113154,SCD_STREPO_DEXS
16180004,WAIT_DWH_RECON_GLHOLDING
16195417,SCD_DWH_RECON_GLHOLDING
16343831,SECURITY_DEAL_ID
16343832,SECURITY_DEAL_ID
16343833,SECURITY_DEAL_ID
16343834,REPO_FLOAT_MAT
16343835,REPO_FLOAT_MAT
16430453,RECON_NT_CASH_PMT
16529766,SCD_REPO_FLOAT_MAT_POST_SOD
16529818,WAIT_SCD_REPO_FLOAT_MAT_POST_SOD
16529852,WAIT_SCD_REPO_FLOAT_MAT_PRE_EOD
16530729,SCD_FRR_MAT_ALERT
16531473,Send_Email_Test
16572501,RE_DWH_PFC_CLEAN
16572517,RE_DWH_PFC_CLEAN
16572535,RE_DWH_PFC_CLEAN
16576551,SA_EOD_ADMIN
16631783,DWH_RECON
16724113,TRN_CDS
16724114,TRN_CDS
16724115,TRN_CDS_TRIGGERED
17044047,HIST_RETURN
17044048,HIST_RETURN
17044078,HIST_RETURN
17191212,DM_REF_PORTF_DATA
17191213,DM_REF_PORTF_DATA
17191214,DM_REF_PORTF_DATA
17210532,DM_REF_MP
17210533,DM_REF_MP
17210534,DM_REF_MP
17210535,DM_REF_FUNDDEFN_DATA
17210536,DM_REF_FUNDDEFN_DATA
17210537,DM_REF_FUNDDEFN_DATA
17374405,TRN_BANK_ACC_OPN_BAL
17374406,TRN_BANK_ACC_OPN_BAL
17374407,TRN_BANK_ACC_OPN_BAL
17428636,DM_FX_RATE_UPDT
17428637,DM_FX_RATE_UPDT
17459937,TRN_CASH_TRIGGERED
17611131,DM_REF_PORTF_UPDT
17611132,DM_REF_PORTF_UPDT
17611133,DM_REF_PORTF_UPDT
17672392,LE_NAME_UPD
17672408,LE_NAME_UPD
17672416,LE_NAME_UPD
17926631,DM_REF_PORTF_BNKACC
17926687,DM_REF_PORTF_BNKACC
17926733,DM_REF_PORTF_BNKACC
18181273,WAIT_MARKET_CORRA_RATES
18287132,DM_MKTDATA_IDXCONST
18287133,Move_To_Folder
18287134,DM_MKTDATA_IDXCONST_TRIGGERED
18412980,SO_PFC_DEADLOCK_EXT
18412981,SO_PFC_DEADLOCK_EXT
18412982,SCD_SO_PFC_DEADLOCK_EXT
18412983,WAIT_SCD_SO_PFC_DEADLOCK_EXT
18552843,SA_CR_REF_RATE_FIX
18552844,SA_CR_REF_RATE_FIX
18552845,SA_CR_REF_RATE_FIX
18953970,BCI_Move_File_Generic
18953973,BCI_Copy_File_Generic
19712609,SO_GEN_REC_STATS_EXT
19712699,SO_GEN_REC_STATS_EXT
19731350,RE_DWH_PFC_1
19731351,RE_DWH_PFC_2
19731352,RE_DWH_LOAD_PLAN
19731353,RE_DWH_FUND_CLEANUP
19731354,RE_DWH_POS_CLEANUP
19905773,SUBMIT_JOB_X_MINUTES
19906226,PRF_CALC_IRR
20187947,AUDIT_ACTIVE_USERS
20188857,AUDIT_ACTIVE_USERS
20294821,PERF_F_EXTRACT_UPD
20294828,PERF_F_EXTRACT_UPD
20404069,PERF_DAILY_CLIENT_1
20404083,PERF_DAILY_CLIENT_2
20404097,PERF_DAILY_CLIENT_3
20404108,PERF_DAILY_FUND_1
20404141,PERF_DAILY_FUND_2
20404150,PERF_DAILY_FUND_3
20739884,TRN_SWAPTION_TRIGGERED
20775876,Swift_Check_For_MT_File
20775877,WAIT_SWIFT_CASH_RECON_FILE
20933729,WAIT_SCD_MANUAL_QUOTE
20935607,SCD_MANUAL_QUOTE
21527001,EXTMGR_START_OF_DAY_MOVE_FILES
22185785,RECON_NT_POS_IAB_590
23121103,ZipFolder_PowerShell
24138372,PERF_IUD_IMPORT
24138373,PERF_IUD_IMPORT
24138374,PERF_IUD_IMPORT
24391928,DM_EXT_REF_RATES_CO
24391929,DM_EXT_REF_RATES_SO
24391930,DM_EXT_REF_RATES_CO
24391931,DM_EXT_REF_RATES_SO
24391932,WAIT_MARKET_SOFR_RATES
24476144,SA_CASHFORE_ALLCCY
24476153,SA_CASHFORE_ALLCCY
24512592,TRN_DIV_SWAP
24512593,TRN_DIV_SWAP
24512594,TRN_DIV_SWAP_TRIGGERED
25361077,SCD_AIM_WHT_DEDUCTIONS
26596678,DM_COPY_NT_CASH_PMT
26596679,DM_COPY_NT_CASH_PMT
26596680,DM_COPY_NT_CASH_PMT
26622008,DM_REF_SEC_ALL
26622066,DM_EXT_EDM_SMF
26622067,DM_STP_MKT_DATA
27288472,DM_COPY_NT_POS_FILE
27288551,DM_COPY_NT_POS_FILE
27288620,DM_COPY_NT_POS_FILE
28026826,DM_FX_RATE_COPY
28026830,DM_FX_RATE_COPY
28027017,DM_FX_RATE_COPY
28241076,SA_REF_RATES_ZERO
28241240,SA_REF_RATES_ZERO
28441011,RE_DWH_LOAD_ADHOC
29212846,RECON_NT_WHT_FILE_MOVE
29212847,RECON_NT_WHT_FILE_MOVE_TRIGGERED
29349446,SCD_PERF_REP_DAILY_1
29349609,SCD_PERF_REP_DAILY_2
29349610,WAIT_SCD_PERF_DAILY_2
29349611,WAIT_SCD_PERF_DAILY_3
29638130,Copy_To_Direct_and_Archive_No_Trigger
30023171,DM_EXT_HLD_STD_CTRT
30023173,DM_EXT_HLD_STD_CTRT
30023174,DM_HLD_EST_YLD_CURV
30023175,DM_HLD_EST_YLD_CURV
30023176,DM_HLD_EST_YLD_CURV
30143172,DM_EXT_HLD_STD_CTRT
30973335,TRN_EXT_RECON
30975887,TRN_EXT_RECON
31262037,DM_REF_FCDIV
31262038,DM_REF_FCDIV
31262039,DM_REF_FCDIV
31794793,PERF_WEEKLY_CLIENT_1
31794848,PERF_WEEKLY_FUND_1
32123403,SCD_PERF_DAILY_2
32123404,SCD_PERF_DAILY_3
32184700,DM_COPY_DWHREC
32184740,DM_COPY_DWHREC
32184792,DM_COPY_DWHREC
32236093,WAIT_SYS_MAINT_COMPLETE
32680772,SO_DWHREC_GLHOL_CL
32680773,SO_DWHREC_GLHOL_CL
32680774,SO_DWHREC_GLHOL_CL
15101105,TRN_CAP_PAY
15101106,TRN_PDWN_LN_FAC
15101107,TRN_ALT_INV_INC_EXP
15101108,TRN_BOOK_CORR
15101109,TRN_LN_FAC_DWN
15101110,TRN_LN_FAC_ROL
15101111,DM_ALT_INV_MV
15101112,TRN_CAP_PAY
15101113,TRN_PDWN_LN_FAC
15101114,TRN_LN_FAC_ROL
15101115,TRN_ALT_INV_INC_EXP
15101116,TRN_LN_FAC_DWN
15101117,TRN_BOOK_CORR
15101118,BCI_Callout
15101120,DM_ALT_INV_MV
15101121,BCI_Callout_Rotation
15101122,ADHOC_PERF_DAILY_FUN
15101123,ADHOC_PERF_DAILY_FUN
15101124,AdHocJob
15101125,ADHOC_PERF_DAILY_CLI
15101126,ADHOC_PERF_DAILY_CLI
15101127,ADHOC_PERF_DAILY_IDX
15101128,ADHOC_PERF_DAILY_IDX
15101129,ADHOC_PERF_DEX_UPD
15101130,ADHOC_PERF_DEX_UPD
15101131,ADHOC_PERF_LBF
15101132,ADHOC_PERF_LBF
15101133,ADHOC_PERF_ME_CLIENT
15101134,ADHOC_PERF_ME_CLIENT
15101135,ADHOC_PERF_ME_FUND
15101136,ADHOC_PERF_ME_FUND
15104862,Set_Date
15104863,DWHREC_GLHOLDNG_TRIGGERED
15104864,DWHREC_FUND_DCMP_TRIGGERED
15104865,DWHREC_ABOR_POS_TRIGGERED
15104866,DWHREC_IBOR_POS_TRIGGERED
15104867,DWHREC_IBOR_SETT_TRIGGERED
15104868,TRN_CAP_PAY_TRIGGERED
15104869,TRN_PDWN_LN_FAC_TRIGGERED
15104870,TRN_LN_FAC_ROL_TRIGGERED
15104871,TRN_ALT_INV_INC_EXP_TRIGGERED
15104872,TRN_LN_FAC_DWN_TRIGGERED
15104873,TRN_BOOK_CORR_TRIGGERED
15104874,DM_ALT_INV_MV_TRIGGERED
15104875,PROCESS_EMAIL
15104876,PROCESS_SCD_BATCH_EMAIL_TRIGGERED
15104877,FX_HEDGE_EXTRACT
15104878,EXTRACT_FX_HEDGES
15104879,BCI_MOVE_FX_HEDGES_OLD
15104880,BCI_FX_HEDGING_IRR_TRIGGERED
15104881,SWIFT_FILES_GET_AND_FTP_SCD
15104883,SWIFT_MOVE_TO_COMM_SERVER
15104884,BCI_FTP_TO_INTEGRATION
15104885,BCI_FTP_TO_INTEGRATION
15104886,AUDIT_REPORTS
15104887,AUDIT_REPORTS
15104888,AR_MTHLY
15104889,AR_MTHLY
15104890,AR_MTHLY
15104891,AR_ADHOC
15104892,AR_ADHOC
15104893,AR_ADHOC
15104894,IO_SWAP_ID_MAPPING
15104895,IO_SWAP_ID_MAPPING
15104896,IO_SWAP_ID_MAPPING
15104897,REF_SMF_LFCONTRACTS
15104898,REF_SMF_LFCONTRACTS
15104899,REF_SMF_LFCONTRACTS
15104900,AR_SYS_CHG
15104901,AR_SYS_CHG
15104902,AR_SYS_CHG
15104903,GET_YIELD_SPREADS
15104904,GET_YIELD_SPREADS
15104905,FX_FWD_RPT
15104906,ADHOC_PERF_DAILY
15104907,ADHOC_PERF_ME
15104908,ADHOC_RE_PERF_DWH_LOAD
15104909,FX_FWD_RPT
15104911,FX_HEDGE_EXTRACT
15104914,CHECK_EOD_PRICES
15357668,MANUAL_MOVE_TO_TRANSACTIONS
15357759,MANUAL_MOVE_TO_TRANSACTIONS
15370697,SFTP_MOVE_TO_MANUAL
15370743,SFTP_MOVE_TO_MANUAL
15447790,CHECK_SCD_EOD_PROCESSING
15448242,CHECK_SCD_EOD_PROCESSING
15578524,CHECK_SCD_DWH_LOAD
15580598,CHECK_SOD_DWH_LOAD
15589384,IO_SETTLE_POSITIONS
15589385,IO_SETTLE_POSITIONS
15589386,IO_SETTLE_POSITIONS
15622459,Check_File_Age
15622460,CHECK_FILE_AGE
15622461,CHECK_FILE_AGE
15623548,CHECK_SYSTEM_DATE
15623549,CHECK_SYSTEM_DATE
15660857,IO_FUT_TXN
15660870,IO_FUT_TXN
15661413,IO_FUT_TXN
15727507,LDOM_SCD_EOD_PROCESSING
15727587,LDOM_SCD_DWH_LOAD
15727641,LDOM_SCD_DWH_RECON
15727699,LDOM_SCD_PERF_DAILY
15727761,LDOM_SCD_PERF_DWH_LOAD
15755369,FX_REAL_G_L
15755427,FX_REAL_G_L
15756586,FX_REAL_G_L
15797210,FX_FWD_REPORT
15806682,LDOM_SCD_SOD
15824365,PRF_REP_DAILY
15824366,PRF_REP_DAILY
15824367,PRF_REP_DAILY
15824368,PRF_REP_MONTHLY
15824369,PRF_REP_MONTHLY
15824370,PRF_REP_MONTHLY
15826123,FIN_REPO_RECON_DEXS
15826152,FIN_REPO_RECON_DEXS
15826224,FIN_REPO_RECON_DEXS
15938896,ABAT_DISABLE_ALERT
15938897,ABAT_ENABLE_ALERT
15938898,ABAT_DISABLE_ALERT_Queue_Stopped
15938899,ABAT_ENABLE_ALERT_Queue_Stopped
15941635,LDOM_PRF_REP_DAILY
15941700,LDOM_PRF_REP_MONTHLY
15963277,STREPO_DEXS
15963278,STREPO_DEXS
15963279,STREPO_DEXS_DO
15979528,Performance_Callout
16007965,DIV_TXN_TD
16007966,DIV_TXN_TD
16007967,DIV_TXN_TD
16013611,ADHOC_PRF_REP
16013612,ADHOC_PRF_REP
16096724,CREATE_ARCHIVE_FOLDER
16096725,CREATE_ARCHIVE_FOLDER
16174092,TRN_EXT
16174108,TRN_EXT
16174115,TRN_EXT
16318714,DM_EXT_DIV_TRXNS
16318715,DM_EXT_DIV_TRXNS
16318716,DM_EXT_DIV_TRXNS
16410061,TRN_EXT_CO
16410062,TRN_EXT_CO
16449598,PRF_REP_DAILY
16463111,MOVE_FILE_MANUAL_JOB
16463193,MOVE_FILE_MANUAL_JOB
16529647,FLS_POS_HOLDINGS
16529648,FLS_POS_HOLDINGS
16529649,FLS_POS_HOLDINGS
16529650,FRR_MAT_ALERT
16529651,FRR_MAT_ALERT
16620681,SCD_Callout
16657222,VAL_EOD_ADMIN
16679464,VAL_EOD_ADMIN
16697170,VAL_EOD_ADMIN
16743690,SCD_SUPPORT_VAL_EOD_ADMIN
16911369,DIV_TXN_TD
16979928,ADHOC_DWHREC_ABOR_POS
16979929,ADHOC_DWHRC_ABOR_POS
16979931,ADHOC_DWHRC_FUND_DCP
16979933,ADHOC_DWHREC_FUND_DCMP
16979934,ADHOC_DWHREC_GLHOLDNG
16979935,ADHOC_DWHREC_IBOR_POS
16979936,ADHOC_DWHREC_IBOR_SETT
16986591,ADHOC_DWHREC_FUND_DCMP
16986640,ADHOC_DWHREC_ABOR_POS
17036918,SA_CASH_MGMT_IO
17036919,SA_CASH_MGMT_IO
17036920,SA_CASH_MGMT_IO
17321259,Rotate
17428640,DM_FX_RATE_UPDT
17573320,SA_DWH_REC_STATS
17573385,SA_DWH_REC_STATS
17833277,RECON_NT_POS_IAB
18181274,DM_CHECK_CORRA_RATE
18255379,LDOM_SCD_EXTRACTS_POST_EOD
18531907,DM_EXT_PMRS_REP
18531908,DM_EXT_PMRS_REP
18531909,DM_EXT_PMRS_REP
18953974,EXTMGR_COPY_TO_PROCESS
18953975,EXTMGR_COPR_TO_PROCESS_TRIGGER
19294406,SCD_Callout_v2
19713592,SO_GEN_REC_STATS_EXT
19731356,RE_DWH_PFC_1
19731357,RE_DWH_PFC_2
19731358,RE_DWH_LOAD_PLAN
19731359,RE_DWH_FUND_CLEANUP
19731360,RE_DWH_POS_CLEANUP
19731361,RE_DWH_LOAD
19906227,PRF_IRR_CALC
19906228,PRF_IRR_CALC
19908185,REF_DATA_IAB
19908186,REF_DATA_IAB
19908187,REF_IAB_DATA
19961153,GET_MP
19961154,DM_REF_FUNDDEFN_DATA
19961155,DM_REF_PORTF_DATA
19961156,DM_REF_SMF
19961157,DM_REF_MP
19961158,DM_REF_MP_TRIGGERED
19963086,GET_REF_PORTF_DATA
19963119,GET_REF_PORTFOLIO_PERF_DATES
19963381,GET_DM_REF_MP
19963382,DM_REF_PORTF_DATA_TRIGGERED
19963383,DM_REF_FUNDDEFN_DATA_TRIGGERED
19963384,GET_FUNDDEFN
19963385,GET_PORTFDATA
19963386,GET_PORTFOLIO_PERF_DATES
19963387,GET_SMF_FUND_CERTS_INTERNAL
19963388,GET_DM_REF_FUNDDEFN
19963389,GET_SMF_FUND_CERTS_INTERNAL
19963390,GET_PORTFOLIO_PERF_DATES
19963391,GET_PORTFDATA
19966712,MOVE_PORTFOLIO_PERF_DATES_TO_DIRECT
19966964,MOVE_PORTFOLIO_PERF_DATES_TO_DIRECT
20188998,AUDIT_ACTIVE_USERS
20275478,FUTURES_TRANS_RISK
20275574,FUTURES_TRANS_RISK
20275724,FUTURES_TRANS_RISK
20405626,PERF_DAILY_CLIENT_PARALLEL
20405639,PERF_DAILY_FUND_PARALLEL
21085478,EXTMGR_COPY_TO_PROCESS_TRIGGER
21527002,EXTMGR_START_OF_DAY_MOVE_FILES
21766915,DM_EXT_PMRS_REP
22454842,DM_EXT_POS_FI
22454881,DM_EXT_POS_FI
22455085,DM_EXT_POS_FI
22517220,PRF_CFT_EMAIL
22517221,PRF_CFT_EMAIL
23156212,ZIP_And_Delete_Folder
23156213,ZIP_AND_DELETE_FTP_FOLDERS
23156214,ZIP_AND_DELETE_FTP_FOLDERS
23940960,SUSPEND_SERVICE_PLATFORM
23940961,ENABLE_SERVICE_PLATFORM
23940962,SUSPEND_SERVICE_PLATFORM
23940963,ENABLE_SERVICE_PLATFORM
25333503,CHECK_FILE_AGE
25361078,DM_EXT_WHT_DEDUC
25361079,DM_EXT_WHT_DEDUC
25439452,DM_EXT_TRN_CASH_OPS
25439607,DM_EXT_TRN_CASH_OPS
25439616,DM_EXT_TRN_CASH_OPS
26186011,IO_AI_UNFUND_COMMIT
26186110,IO_AI_UNFUND_COMMIT
26186114,IO_AI_UNFUND_COMMIT
27255432,IPD_TRN_EXT
27255433,IPD_PRFCLC_EXT
27255434,IPD_TRN_EXT
27255435,IPD_PRFCLC_EXT
27255436,IPD_PRFCLC_EXT
27255437,IPD_TRN_EXT
27771489,PERF_EXTRACT_UPD
28162554,DM_MDV_AUDIT_EXPORT
28162757,DM_MDV_AUDIT_EXPORT
28162761,DM_MDV_AUDIT_EXPORT
28312511,DM_EXT_POS_EDM
28312512,DM_EXT_POS_EDM
28439902,SO_V_BUS_DATA
28439903,SO_V_BUS_DATA
28439904,SO_V_BUS_DATA
28441012,RE_DWH_LOAD_ADHOC
28537367,List_Integration_Table
28537368,Insert_Integration_Table
28537369,Update_Integration_Table
28537370,Delete_Integration_Table
28537371,List_IT_App_Variables
28537372,Insert_IT_App_Variables
28537373,Delete_IT_App_Variables
28537374,Update_IT_App_Variables
28545310,ADHOC_RECON_INT_UNIT_1
28730699,DM_EXT_PROJ_DIV
28730787,DM_EXT_PROJ_DIV
28730969,DM_EXT_PROJ_DIV
28863674,DWH_LINEAGE_EXE
28863675,DWH_LINEAGE
28863676,DWH_LINEAGE
28863677,DWH_LINEAGE
29212848,RECON_NT_WTAX_TRIGGERED
29349612,PERF_REP_DAILY_1
29349613,PERF_REP_DAILY_2
29349614,PRF_REP_DAILY_1
29349615,PRF_REP_DAILY_2
29596109,ADHOC_PERF_TFA_MTD
29596338,ADHOC_PERF_TFA_MTD
29596468,ADHOC_PERF_TFA_MTD
29611546,TRN_LF_EVENTS
29611547,TRN_LF_EVENTS
29611548,TRN_LF_EVENTS
29611549,TRN_LF_PAYDOWNS
29611550,TRN_LF_PAYDOWNS
29611551,TRN_LF_PAYDOWNS
29829502,REF_SMF_LFCONTRACTS
30555078,DM_EXT_ABOR_DH_PR
30555082,DM_EXT_ABOR_DH_PR
30555134,LDOM_DM_EXT_ABOR_DH_PR
31795797,PERF_WEEKLY_1
31801101,SCD_PERF_WEEKLY_1
31910614,DM_EXT_ABOR_DH_CHK
31910895,DM_EXT_ABOR_DH_CHK
31910899,DM_EXT_ABOR_DH_CHK
32123405,PERF_DAILY_2
32123406,PERF_DAILY_3
32339843,SO_CBU_CLEANUP
32339844,SO_CBU_CLEANUP
32339845,SO_CBU_CLEANUP
32366143,DM_EXT_TRN_IO_LF
32366144,DM_EXT_TRN_IO_LF
32366145,DM_EXT_TRN_IO_LF
32766051,DM_EXT_POS_IO_PD_LF
32766052,DM_EXT_POS_IO_PD_LF
32766053,DM_EXT_POS_IO_PD_LF
15105121,FX_HEDGE_EXTRACT_IRR
15105122,FX_HEDGE_EXTRACT_PUBLIC_MARKET
15105123,FX_HEDGE_EXTRACT_CASH_OPS
15105124,Delete_And_Rename
15105125,ADHOC_PERF_DAILY_FUN
15105126,ADHOC_PERF_DAILY_CLI
15105127,ADHOC_PERF_DAILY_IDX
15105128,ADHOC_PERF_DEX_UPD
15105129,ADHOC_PERF_LBF
15105130,ADHOC_PERF_ME_CLIENT
15105131,ADHOC_PERF_ME_FUND
15292243,Exit_Log_Message
15366671,Send_Email
15622462,CHECK_SFTP_IN_CASH
15622519,CHECK_SFTP_IN_MARKET
15622534,CHECK_SFTP_IN_REF_DATA
15622554,CHECK_SFTP_IN_SMF
15622561,CHECK_SFTP_IN_SUPERD
15622600,CHECK_SFTP_IN_SWIFT_CA
15622612,CHECK_SFTP_IN_SWIFT_RECON
15622632,CHECK_SFTP_IN_TRANSACTIONS
15756628,FX_REAL_G_L_IRR
15798053,FX_REAL_G_L_CASH_OPS
15798128,FX_REAL_G_L_PUBLIC_MARKET
16778128,Parse_VAL_EOD_ADMIN
17575635,SO_GEN_REC_STATS
17578016,SA_DWH_REC_STATS
19961159,Delete_And_Rename
19963087,Delete_And_Rename
19963120,Delete_And_Rename
19963392,Delete_And_Rename
19963393,Delete_And_Rename
19963394,Delete_And_Rename
19963396,Delete_And_Rename
20054663,SO_GEN_REC_STATS_TRIGGERED
25333506,CHECK_FILE_AGE_SFTP_MANUAL_Contract_Quotes
25333507,CHECK_FILE_AGE_MANUAL_Contract_Quotes
17575857,Parse_File_Create_Excel_Report_And_Email
